time,.header.seq,.header.stamp.secs,.header.stamp.nsecs,.header.frame_id,.vehicle_speed,.vehicle_speed_valid,
2020/02/28/11:32:47.566177,14862,1582911167,565860623,pacmod,0,True,
2020/02/28/11:32:47.566185,14863,1582911167,565919357,pacmod,0,True,
2020/02/28/11:32:47.595610,14864,1582911167,595470825,pacmod,0,True,
2020/02/28/11:32:47.628438,14865,1582911167,628355449,pacmod,0,True,
2020/02/28/11:32:47.662207,14866,1582911167,662131360,pacmod,0,True,
2020/02/28/11:32:47.694847,14867,1582911167,694770959,pacmod,0,True,
2020/02/28/11:32:47.728657,14868,1582911167,728565383,pacmod,0,True,
2020/02/28/11:32:47.762518,14869,1582911167,762432067,pacmod,0,True,
2020/02/28/11:32:47.795198,14870,1582911167,795123633,pacmod,0,True,
2020/02/28/11:32:47.828971,14871,1582911167,828881970,pacmod,0,True,
2020/02/28/11:32:47.861660,14872,1582911167,861586221,pacmod,0,True,
2020/02/28/11:32:47.895795,14873,1582911167,895723640,pacmod,0,True,
2020/02/28/11:32:47.928783,14874,1582911167,928699819,pacmod,0,True,
2020/02/28/11:32:47.962896,14875,1582911167,962757341,pacmod,0,True,
2020/02/28/11:32:47.996228,14876,1582911167,996133187,pacmod,0,True,
2020/02/28/11:32:48.028807,14877,1582911168,28701734,pacmod,0,True,
2020/02/28/11:32:48.063003,14878,1582911168,62892079,pacmod,0,True,
2020/02/28/11:32:48.095709,14879,1582911168,95611702,pacmod,0,True,
2020/02/28/11:32:48.129550,14880,1582911168,129442728,pacmod,0,True,
2020/02/28/11:32:48.162560,14881,1582911168,162466222,pacmod,0,True,
2020/02/28/11:32:48.196367,14882,1582911168,196273180,pacmod,0,True,
2020/02/28/11:32:48.228728,14883,1582911168,228621935,pacmod,0,True,
2020/02/28/11:32:48.262572,14884,1582911168,262469879,pacmod,0,True,
2020/02/28/11:32:48.295476,14885,1582911168,295336498,pacmod,0,True,
2020/02/28/11:32:48.329780,14886,1582911168,329636942,pacmod,0,True,
2020/02/28/11:32:48.362216,14887,1582911168,362134776,pacmod,0,True,
2020/02/28/11:32:48.396235,14888,1582911168,396114511,pacmod,0,True,
2020/02/28/11:32:48.429236,14889,1582911168,429145725,pacmod,0,True,
2020/02/28/11:32:48.462814,14890,1582911168,462724484,pacmod,0,True,
2020/02/28/11:32:48.496308,14891,1582911168,496206956,pacmod,0,True,
2020/02/28/11:32:48.529444,14892,1582911168,529363882,pacmod,0,True,
2020/02/28/11:32:48.562539,14893,1582911168,562437149,pacmod,0,True,
2020/02/28/11:32:48.595902,14894,1582911168,595819455,pacmod,0,True,
2020/02/28/11:32:48.629631,14895,1582911168,629516735,pacmod,0,True,
2020/02/28/11:32:48.662815,14896,1582911168,662725639,pacmod,0,True,
2020/02/28/11:32:48.696817,14897,1582911168,696715253,pacmod,0,True,
2020/02/28/11:32:48.729963,14898,1582911168,729888693,pacmod,0,True,
2020/02/28/11:32:48.762774,14899,1582911168,762697462,pacmod,0,True,
2020/02/28/11:32:48.796314,14900,1582911168,796194873,pacmod,0,True,
2020/02/28/11:32:48.830121,14901,1582911168,830003865,pacmod,0,True,
2020/02/28/11:32:48.864083,14902,1582911168,864006353,pacmod,0,True,
2020/02/28/11:32:48.896558,14903,1582911168,896456384,pacmod,0,True,
2020/02/28/11:32:48.930345,14904,1582911168,930268599,pacmod,0,True,
2020/02/28/11:32:48.963210,14905,1582911168,963081856,pacmod,0,True,
2020/02/28/11:32:48.997207,14906,1582911168,997121627,pacmod,0,True,
2020/02/28/11:32:49.030280,14907,1582911169,30186605,pacmod,0,True,
2020/02/28/11:32:49.062956,14908,1582911169,62875687,pacmod,0,True,
2020/02/28/11:32:49.096841,14909,1582911169,96755471,pacmod,0,True,
2020/02/28/11:32:49.129726,14910,1582911169,129617485,pacmod,0,True,
2020/02/28/11:32:49.163185,14911,1582911169,163102383,pacmod,0,True,
2020/02/28/11:32:49.196433,14912,1582911169,196327414,pacmod,0,True,
2020/02/28/11:32:49.230316,14913,1582911169,230204997,pacmod,0,True,
2020/02/28/11:32:49.263936,14914,1582911169,263847742,pacmod,0,True,
2020/02/28/11:32:49.297090,14915,1582911169,296986423,pacmod,0,True,
2020/02/28/11:32:49.330151,14916,1582911169,330039703,pacmod,0,True,
2020/02/28/11:32:49.363622,14917,1582911169,363523092,pacmod,0,True,
2020/02/28/11:32:49.397455,14918,1582911169,397373554,pacmod,0,True,
2020/02/28/11:32:49.430260,14919,1582911169,430171888,pacmod,0,True,
2020/02/28/11:32:49.464226,14920,1582911169,464127766,pacmod,0,True,
2020/02/28/11:32:49.498349,14921,1582911169,498283218,pacmod,0,True,
2020/02/28/11:32:49.530803,14922,1582911169,530698313,pacmod,0,True,
2020/02/28/11:32:49.563661,14923,1582911169,563579196,pacmod,0,True,
2020/02/28/11:32:49.598079,14924,1582911169,597917898,pacmod,0,True,
2020/02/28/11:32:49.630530,14925,1582911169,630412475,pacmod,0,True,
2020/02/28/11:32:49.664483,14926,1582911169,664383949,pacmod,0,True,
2020/02/28/11:32:49.697364,14927,1582911169,697286803,pacmod,0,True,
2020/02/28/11:32:49.731056,14928,1582911169,730948031,pacmod,0,True,
2020/02/28/11:32:49.764125,14929,1582911169,763995703,pacmod,0,True,
2020/02/28/11:32:49.797741,14930,1582911169,797660479,pacmod,0,True,
2020/02/28/11:32:49.831709,14931,1582911169,831619041,pacmod,0,True,
2020/02/28/11:32:49.864544,14932,1582911169,864419312,pacmod,0,True,
2020/02/28/11:32:49.898147,14933,1582911169,898041071,pacmod,0,True,
2020/02/28/11:32:49.931903,14934,1582911169,931783425,pacmod,0,True,
2020/02/28/11:32:49.964759,14935,1582911169,964607118,pacmod,0,True,
2020/02/28/11:32:49.997923,14936,1582911169,997827130,pacmod,0,True,
2020/02/28/11:32:50.031175,14937,1582911170,31076428,pacmod,0,True,
2020/02/28/11:32:50.065690,14938,1582911170,65579224,pacmod,0,True,
2020/02/28/11:32:50.098494,14939,1582911170,98358327,pacmod,0,True,
2020/02/28/11:32:50.132183,14940,1582911170,132084678,pacmod,0,True,
2020/02/28/11:32:50.165161,14941,1582911170,165036189,pacmod,0,True,
2020/02/28/11:32:50.199297,14942,1582911170,199214435,pacmod,0,True,
2020/02/28/11:32:50.232226,14943,1582911170,232102947,pacmod,0,True,
2020/02/28/11:32:50.266010,14944,1582911170,265925195,pacmod,0.06,True,
2020/02/28/11:32:50.299150,14945,1582911170,299011435,pacmod,0.11,True,
2020/02/28/11:32:50.332675,14946,1582911170,332549278,pacmod,0.19,True,
2020/02/28/11:32:50.365964,14947,1582911170,365865759,pacmod,0.23,True,
2020/02/28/11:32:50.398962,14948,1582911170,398875526,pacmod,0.17,True,
2020/02/28/11:32:50.431954,14949,1582911170,431862093,pacmod,0.05,True,
2020/02/28/11:32:50.466254,14950,1582911170,466158056,pacmod,0.12,True,
2020/02/28/11:32:50.499749,14951,1582911170,499599851,pacmod,0.08,True,
2020/02/28/11:32:50.532501,14952,1582911170,532351014,pacmod,0.12,True,
2020/02/28/11:32:50.566868,14953,1582911170,566722137,pacmod,0.17,True,
2020/02/28/11:32:50.599440,14954,1582911170,599349164,pacmod,0.14,True,
2020/02/28/11:32:50.633334,14955,1582911170,633222626,pacmod,0.04,True,
2020/02/28/11:32:50.666452,14956,1582911170,666345790,pacmod,0.02,True,
2020/02/28/11:32:50.700534,14957,1582911170,700445910,pacmod,0.02,True,
2020/02/28/11:32:50.733383,14958,1582911170,733301521,pacmod,0.16,True,
2020/02/28/11:32:50.767485,14959,1582911170,767390962,pacmod,0.14,True,
2020/02/28/11:32:50.801012,14960,1582911170,800922628,pacmod,0.11,True,
2020/02/28/11:32:50.834187,14961,1582911170,834072778,pacmod,0.06,True,
2020/02/28/11:32:50.866910,14962,1582911170,866807600,pacmod,0.1,True,
2020/02/28/11:32:50.900330,14963,1582911170,900227639,pacmod,0.16,True,
2020/02/28/11:32:50.933977,14964,1582911170,933895640,pacmod,0.2,True,
2020/02/28/11:32:50.967481,14965,1582911170,967407851,pacmod,0.16,True,
2020/02/28/11:32:51.000291,14966,1582911171,208264,pacmod,0.14,True,
2020/02/28/11:32:51.034132,14967,1582911171,34040724,pacmod,0.15,True,
2020/02/28/11:32:51.068149,14968,1582911171,68055225,pacmod,0.21,True,
2020/02/28/11:32:51.101698,14969,1582911171,101574757,pacmod,0.24,True,
2020/02/28/11:32:51.134001,14970,1582911171,133928903,pacmod,0.23,True,
2020/02/28/11:32:51.167751,14971,1582911171,167642875,pacmod,0.2,True,
2020/02/28/11:32:51.200598,14972,1582911171,200496790,pacmod,0.2,True,
2020/02/28/11:32:51.234078,14973,1582911171,233989081,pacmod,0.26,True,
2020/02/28/11:32:51.268033,14974,1582911171,267955386,pacmod,0.3,True,
2020/02/28/11:32:51.300710,14975,1582911171,300605468,pacmod,0.3,True,
2020/02/28/11:32:51.334477,14976,1582911171,334402066,pacmod,0.27,True,
2020/02/28/11:32:51.368276,14977,1582911171,368162771,pacmod,0.28,True,
2020/02/28/11:32:51.401603,14978,1582911171,401523561,pacmod,0.31,True,
2020/02/28/11:32:51.434177,14979,1582911171,434103361,pacmod,0.36,True,
2020/02/28/11:32:51.467308,14980,1582911171,467214809,pacmod,0.37,True,
2020/02/28/11:32:51.501263,14981,1582911171,501142079,pacmod,0.37,True,
2020/02/28/11:32:51.534809,14982,1582911171,534660929,pacmod,0.37,True,
2020/02/28/11:32:51.568777,14983,1582911171,568642360,pacmod,0.4,True,
2020/02/28/11:32:51.601451,14984,1582911171,601331898,pacmod,0.42,True,
2020/02/28/11:32:51.635010,14985,1582911171,634938591,pacmod,0.45,True,
2020/02/28/11:32:51.668047,14986,1582911171,667965735,pacmod,0.45,True,
2020/02/28/11:32:51.701956,14987,1582911171,701810809,pacmod,0.46,True,
2020/02/28/11:32:51.735038,14988,1582911171,734933511,pacmod,0.48,True,
2020/02/28/11:32:51.768760,14989,1582911171,768665550,pacmod,0.52,True,
2020/02/28/11:32:51.801438,14990,1582911171,801353301,pacmod,0.54,True,
2020/02/28/11:32:51.835435,14991,1582911171,835348794,pacmod,0.57,True,
2020/02/28/11:32:51.868041,14992,1582911171,867946139,pacmod,0.6,True,
2020/02/28/11:32:51.901267,14993,1582911171,901163096,pacmod,0.61,True,
2020/02/28/11:32:51.935988,14994,1582911171,935890477,pacmod,0.61,True,
2020/02/28/11:32:51.969181,14995,1582911171,969066576,pacmod,0.63,True,
2020/02/28/11:32:52.002652,14996,1582911172,2526182,pacmod,0.64,True,
2020/02/28/11:32:52.035669,14997,1582911172,35581419,pacmod,0.69,True,
2020/02/28/11:32:52.068985,14998,1582911172,68861763,pacmod,0.73,True,
2020/02/28/11:32:52.101970,14999,1582911172,101885660,pacmod,0.74,True,
2020/02/28/11:32:52.135447,15000,1582911172,135359176,pacmod,0.74,True,
2020/02/28/11:32:52.169124,15001,1582911172,169045926,pacmod,0.78,True,
2020/02/28/11:32:52.202018,15002,1582911172,201933970,pacmod,0.8,True,
2020/02/28/11:32:52.235966,15003,1582911172,235885901,pacmod,0.85,True,
2020/02/28/11:32:52.268759,15004,1582911172,268649497,pacmod,0.88,True,
2020/02/28/11:32:52.302321,15005,1582911172,302230320,pacmod,0.88,True,
2020/02/28/11:32:52.335217,15006,1582911172,335074397,pacmod,0.92,True,
2020/02/28/11:32:52.369296,15007,1582911172,369199141,pacmod,0.96,True,
2020/02/28/11:32:52.401922,15008,1582911172,401827460,pacmod,0.97,True,
2020/02/28/11:32:52.435718,15009,1582911172,435575504,pacmod,1,True,
2020/02/28/11:32:52.468984,15010,1582911172,468849148,pacmod,1.04,True,
2020/02/28/11:32:52.502616,15011,1582911172,502483091,pacmod,1.05,True,
2020/02/28/11:32:52.536394,15012,1582911172,536309723,pacmod,1.09,True,
2020/02/28/11:32:52.569682,15013,1582911172,569604904,pacmod,1.12,True,
2020/02/28/11:32:52.602758,15014,1582911172,602662788,pacmod,1.14,True,
2020/02/28/11:32:52.637010,15015,1582911172,636926951,pacmod,1.16,True,
2020/02/28/11:32:52.669355,15016,1582911172,669245859,pacmod,1.2,True,
2020/02/28/11:32:52.703152,15017,1582911172,703071376,pacmod,1.21,True,
2020/02/28/11:32:52.736560,15018,1582911172,736467089,pacmod,1.25,True,
2020/02/28/11:32:52.769062,15019,1582911172,768963420,pacmod,1.29,True,
2020/02/28/11:32:52.802949,15020,1582911172,802825885,pacmod,1.31,True,
2020/02/28/11:32:52.836636,15021,1582911172,836472628,pacmod,1.33,True,
2020/02/28/11:32:52.869531,15022,1582911172,869421567,pacmod,1.36,True,
2020/02/28/11:32:52.902341,15023,1582911172,902222166,pacmod,1.38,True,
2020/02/28/11:32:52.935964,15024,1582911172,935890403,pacmod,1.41,True,
2020/02/28/11:32:52.969772,15025,1582911172,969678165,pacmod,1.43,True,
2020/02/28/11:32:53.002902,15026,1582911173,2811770,pacmod,1.46,True,
2020/02/28/11:32:53.037200,15027,1582911173,37084313,pacmod,1.48,True,
2020/02/28/11:32:53.070123,15028,1582911173,70039856,pacmod,1.51,True,
2020/02/28/11:32:53.103302,15029,1582911173,103174302,pacmod,1.53,True,
2020/02/28/11:32:53.137582,15030,1582911173,137447163,pacmod,1.55,True,
2020/02/28/11:32:53.170813,15031,1582911173,170671940,pacmod,1.6,True,
2020/02/28/11:32:53.203558,15032,1582911173,203460068,pacmod,1.63,True,
2020/02/28/11:32:53.237359,15033,1582911173,237231831,pacmod,1.66,True,
2020/02/28/11:32:53.271343,15034,1582911173,271225860,pacmod,1.7,True,
2020/02/28/11:32:53.303927,15035,1582911173,303840916,pacmod,1.72,True,
2020/02/28/11:32:53.337807,15036,1582911173,337712271,pacmod,1.73,True,
2020/02/28/11:32:53.370706,15037,1582911173,370571775,pacmod,1.75,True,
2020/02/28/11:32:53.404405,15038,1582911173,404284944,pacmod,1.76,True,
2020/02/28/11:32:53.437118,15039,1582911173,437034219,pacmod,1.81,True,
2020/02/28/11:32:53.471283,15040,1582911173,471188395,pacmod,1.86,True,
2020/02/28/11:32:53.505150,15041,1582911173,505061710,pacmod,1.87,True,
2020/02/28/11:32:53.537283,15042,1582911173,537180277,pacmod,1.88,True,
2020/02/28/11:32:53.570883,15043,1582911173,570760431,pacmod,1.9,True,
2020/02/28/11:32:53.604669,15044,1582911173,604499716,pacmod,1.92,True,
2020/02/28/11:32:53.637416,15045,1582911173,637301889,pacmod,1.99,True,
2020/02/28/11:32:53.671427,15046,1582911173,671307029,pacmod,2.04,True,
2020/02/28/11:32:53.704101,15047,1582911173,704024804,pacmod,2.06,True,
2020/02/28/11:32:53.737586,15048,1582911173,737512172,pacmod,2.05,True,
2020/02/28/11:32:53.771252,15049,1582911173,771172745,pacmod,2.06,True,
2020/02/28/11:32:53.805063,15050,1582911173,804976925,pacmod,2.06,True,
2020/02/28/11:32:53.838370,15051,1582911173,838228898,pacmod,2.09,True,
2020/02/28/11:32:53.870892,15052,1582911173,870820560,pacmod,2.15,True,
2020/02/28/11:32:53.905216,15053,1582911173,905131484,pacmod,2.18,True,
2020/02/28/11:32:53.937936,15054,1582911173,937854563,pacmod,2.22,True,
2020/02/28/11:32:53.971414,15055,1582911173,971329398,pacmod,2.2,True,
2020/02/28/11:32:54.004903,15056,1582911174,4813253,pacmod,2.18,True,
2020/02/28/11:32:54.038092,15057,1582911174,37937865,pacmod,2.17,True,
2020/02/28/11:32:54.071324,15058,1582911174,71211259,pacmod,2.23,True,
2020/02/28/11:32:54.105525,15059,1582911174,105390478,pacmod,2.27,True,
2020/02/28/11:32:54.139616,15060,1582911174,139481190,pacmod,2.34,True,
2020/02/28/11:32:54.172938,15061,1582911174,172844409,pacmod,2.28,True,
2020/02/28/11:32:54.205338,15062,1582911174,205257271,pacmod,2.25,True,
2020/02/28/11:32:54.238306,15063,1582911174,238178569,pacmod,2.3,True,
2020/02/28/11:32:54.272224,15064,1582911174,272119787,pacmod,2.41,True,
2020/02/28/11:32:54.305574,15065,1582911174,305461419,pacmod,2.44,True,
2020/02/28/11:32:54.338090,15066,1582911174,337963889,pacmod,2.41,True,
2020/02/28/11:32:54.372121,15067,1582911174,372032038,pacmod,2.33,True,
2020/02/28/11:32:54.404766,15068,1582911174,404639216,pacmod,2.33,True,
2020/02/28/11:32:54.438696,15069,1582911174,438592891,pacmod,2.39,True,
2020/02/28/11:32:54.471651,15070,1582911174,471566489,pacmod,2.48,True,
2020/02/28/11:32:54.505772,15071,1582911174,505679810,pacmod,2.5,True,
2020/02/28/11:32:54.538734,15072,1582911174,538634102,pacmod,2.5,True,
2020/02/28/11:32:54.572046,15073,1582911174,571963440,pacmod,2.46,True,
2020/02/28/11:32:54.605221,15074,1582911174,605129621,pacmod,2.44,True,
2020/02/28/11:32:54.638475,15075,1582911174,638400292,pacmod,2.47,True,
2020/02/28/11:32:54.672300,15076,1582911174,672215380,pacmod,2.5,True,
2020/02/28/11:32:54.704983,15077,1582911174,704839489,pacmod,2.52,True,
2020/02/28/11:32:54.738776,15078,1582911174,738673116,pacmod,2.52,True,
2020/02/28/11:32:54.772598,15079,1582911174,772518133,pacmod,2.53,True,
2020/02/28/11:32:54.805893,15080,1582911174,805811519,pacmod,2.55,True,
2020/02/28/11:32:54.838917,15081,1582911174,838798761,pacmod,2.55,True,
2020/02/28/11:32:54.872319,15082,1582911174,872226265,pacmod,2.56,True,
2020/02/28/11:32:54.905958,15083,1582911174,905860590,pacmod,2.54,True,
2020/02/28/11:32:54.940014,15084,1582911174,939843569,pacmod,2.54,True,
2020/02/28/11:32:54.973842,15085,1582911174,973690015,pacmod,2.55,True,
2020/02/28/11:32:55.006380,15086,1582911175,6267404,pacmod,2.57,True,
2020/02/28/11:32:55.039922,15087,1582911175,39828204,pacmod,2.58,True,
2020/02/28/11:32:55.074407,15088,1582911175,74249112,pacmod,2.59,True,
2020/02/28/11:32:55.107465,15089,1582911175,107365794,pacmod,2.59,True,
2020/02/28/11:32:55.140215,15090,1582911175,140096259,pacmod,2.6,True,
2020/02/28/11:32:55.173681,15091,1582911175,173588839,pacmod,2.59,True,
2020/02/28/11:32:55.207484,15092,1582911175,207405547,pacmod,2.54,True,
2020/02/28/11:32:55.240651,15093,1582911175,240555400,pacmod,2.56,True,
2020/02/28/11:32:55.274239,15094,1582911175,274158949,pacmod,2.62,True,
2020/02/28/11:32:55.307149,15095,1582911175,307026678,pacmod,2.64,True,
2020/02/28/11:32:55.340909,15096,1582911175,340770791,pacmod,2.64,True,
2020/02/28/11:32:55.374774,15097,1582911175,374667557,pacmod,2.56,True,
2020/02/28/11:32:55.407884,15098,1582911175,407777440,pacmod,2.54,True,
2020/02/28/11:32:55.441611,15099,1582911175,441496308,pacmod,2.56,True,
2020/02/28/11:32:55.474114,15100,1582911175,474019299,pacmod,2.64,True,
2020/02/28/11:32:55.507972,15101,1582911175,507881620,pacmod,2.65,True,
2020/02/28/11:32:55.540807,15102,1582911175,540725363,pacmod,2.64,True,
2020/02/28/11:32:55.573944,15103,1582911175,573833048,pacmod,2.59,True,
2020/02/28/11:32:55.607936,15104,1582911175,607854992,pacmod,2.61,True,
2020/02/28/11:32:55.641519,15105,1582911175,641418381,pacmod,2.63,True,
2020/02/28/11:32:55.675115,15106,1582911175,675014774,pacmod,2.67,True,
2020/02/28/11:32:55.708418,15107,1582911175,708334697,pacmod,2.63,True,
2020/02/28/11:32:55.742522,15108,1582911175,742428484,pacmod,2.6,True,
2020/02/28/11:32:55.774307,15109,1582911175,774209907,pacmod,2.56,True,
2020/02/28/11:32:55.807906,15110,1582911175,807813941,pacmod,2.6,True,
2020/02/28/11:32:55.841022,15111,1582911175,840899705,pacmod,2.61,True,
2020/02/28/11:32:55.875936,15112,1582911175,875862087,pacmod,2.63,True,
2020/02/28/11:32:55.907815,15113,1582911175,907717169,pacmod,2.61,True,
2020/02/28/11:32:55.941068,15114,1582911175,940989440,pacmod,2.61,True,
2020/02/28/11:32:55.975312,15115,1582911175,975226089,pacmod,2.61,True,
2020/02/28/11:32:56.007932,15116,1582911176,7842110,pacmod,2.61,True,
2020/02/28/11:32:56.041211,15117,1582911176,41113726,pacmod,2.6,True,
2020/02/28/11:32:56.075193,15118,1582911176,75121251,pacmod,2.58,True,
2020/02/28/11:32:56.107800,15119,1582911176,107697153,pacmod,2.57,True,
2020/02/28/11:32:56.141936,15120,1582911176,141836307,pacmod,2.56,True,
2020/02/28/11:32:56.174868,15121,1582911176,174742744,pacmod,2.61,True,
2020/02/28/11:32:56.207956,15122,1582911176,207871885,pacmod,2.62,True,
2020/02/28/11:32:56.242244,15123,1582911176,242138824,pacmod,2.62,True,
2020/02/28/11:32:56.275588,15124,1582911176,275500722,pacmod,2.58,True,
2020/02/28/11:32:56.308337,15125,1582911176,308216142,pacmod,2.55,True,
2020/02/28/11:32:56.341999,15126,1582911176,341899392,pacmod,2.56,True,
2020/02/28/11:32:56.374980,15127,1582911176,374877772,pacmod,2.58,True,
2020/02/28/11:32:56.408589,15128,1582911176,408485912,pacmod,2.58,True,
2020/02/28/11:32:56.442499,15129,1582911176,442390944,pacmod,2.56,True,
2020/02/28/11:32:56.475300,15130,1582911176,475221971,pacmod,2.52,True,
2020/02/28/11:32:56.508592,15131,1582911176,508503054,pacmod,2.51,True,
2020/02/28/11:32:56.542517,15132,1582911176,542427903,pacmod,2.52,True,
2020/02/28/11:32:56.575166,15133,1582911176,575074462,pacmod,2.56,True,
2020/02/28/11:32:56.609105,15134,1582911176,608998978,pacmod,2.56,True,
2020/02/28/11:32:56.642044,15135,1582911176,641953053,pacmod,2.54,True,
2020/02/28/11:32:56.675282,15136,1582911176,675172517,pacmod,2.5,True,
2020/02/28/11:32:56.708782,15137,1582911176,708624038,pacmod,2.49,True,
2020/02/28/11:32:56.742605,15138,1582911176,742434375,pacmod,2.5,True,
2020/02/28/11:32:56.775160,15139,1582911176,775078698,pacmod,2.53,True,
2020/02/28/11:32:56.808865,15140,1582911176,808792776,pacmod,2.5,True,
2020/02/28/11:32:56.841965,15141,1582911176,841864957,pacmod,2.48,True,
2020/02/28/11:32:56.876187,15142,1582911176,875994458,pacmod,2.41,True,
2020/02/28/11:32:56.908915,15143,1582911176,908832316,pacmod,2.44,True,
2020/02/28/11:32:56.941981,15144,1582911176,941889484,pacmod,2.47,True,
2020/02/28/11:32:56.975665,15145,1582911176,975577096,pacmod,2.5,True,
2020/02/28/11:32:57.008681,15146,1582911177,8547512,pacmod,2.49,True,
2020/02/28/11:32:57.042784,15147,1582911177,42665956,pacmod,2.46,True,
2020/02/28/11:32:57.076514,15148,1582911177,76433522,pacmod,2.42,True,
2020/02/28/11:32:57.109020,15149,1582911177,108900084,pacmod,2.45,True,
2020/02/28/11:32:57.143353,15150,1582911177,143245874,pacmod,2.44,True,
2020/02/28/11:32:57.176918,15151,1582911177,176797936,pacmod,2.44,True,
2020/02/28/11:32:57.210496,15152,1582911177,210365466,pacmod,2.43,True,
2020/02/28/11:32:57.244726,15153,1582911177,244626495,pacmod,2.4,True,
2020/02/28/11:32:57.276990,15154,1582911177,276915042,pacmod,2.39,True,
2020/02/28/11:32:57.309978,15155,1582911177,309901136,pacmod,2.38,True,
2020/02/28/11:32:57.343831,15156,1582911177,343753679,pacmod,2.38,True,
2020/02/28/11:32:57.376529,15157,1582911177,376445595,pacmod,2.41,True,
2020/02/28/11:32:57.409629,15158,1582911177,409555081,pacmod,2.39,True,
2020/02/28/11:32:57.443062,15159,1582911177,442944441,pacmod,2.38,True,
2020/02/28/11:32:57.476936,15160,1582911177,476839026,pacmod,2.36,True,
2020/02/28/11:32:57.509979,15161,1582911177,509866427,pacmod,2.36,True,
2020/02/28/11:32:57.543655,15162,1582911177,543581581,pacmod,2.36,True,
2020/02/28/11:32:57.577674,15163,1582911177,577551601,pacmod,2.36,True,
2020/02/28/11:32:57.610320,15164,1582911177,610236975,pacmod,2.36,True,
2020/02/28/11:32:57.643700,15165,1582911177,643618411,pacmod,2.34,True,
2020/02/28/11:32:57.677152,15166,1582911177,677058584,pacmod,2.31,True,
2020/02/28/11:32:57.710257,15167,1582911177,710143353,pacmod,2.3,True,
2020/02/28/11:32:57.743742,15168,1582911177,743664326,pacmod,2.31,True,
2020/02/28/11:32:57.777637,15169,1582911177,777523324,pacmod,2.34,True,
2020/02/28/11:32:57.810266,15170,1582911177,810128646,pacmod,2.33,True,
2020/02/28/11:32:57.844088,15171,1582911177,844017408,pacmod,2.32,True,
2020/02/28/11:32:57.876894,15172,1582911177,876806290,pacmod,2.25,True,
2020/02/28/11:32:57.910165,15173,1582911177,910048545,pacmod,2.25,True,
2020/02/28/11:32:57.943781,15174,1582911177,943694806,pacmod,2.27,True,
2020/02/28/11:32:57.977854,15175,1582911177,977774848,pacmod,2.3,True,
2020/02/28/11:32:58.011197,15176,1582911178,11106087,pacmod,2.3,True,
2020/02/28/11:32:58.044127,15177,1582911178,44048657,pacmod,2.28,True,
2020/02/28/11:32:58.077152,15178,1582911178,77030699,pacmod,2.23,True,
2020/02/28/11:32:58.110704,15179,1582911178,110626637,pacmod,2.22,True,
2020/02/28/11:32:58.144121,15180,1582911178,144030225,pacmod,2.25,True,
,,,,,,,
2020/02/28/11:32:58.177885,15181,1582911178,177769290,pacmod,2.27,True,
2020/02/28/11:32:58.210705,15182,1582911178,210625194,pacmod,2.26,True,
2020/02/28/11:32:58.244774,15183,1582911178,244672097,pacmod,2.25,True,
2020/02/28/11:32:58.277498,15184,1582911178,277406368,pacmod,2.22,True,
2020/02/28/11:32:58.311028,15185,1582911178,310926372,pacmod,2.19,True,
2020/02/28/11:32:58.345106,15186,1582911178,344976754,pacmod,2.19,True,
2020/02/28/11:32:58.378226,15187,1582911178,378139580,pacmod,2.21,True,
2020/02/28/11:32:58.410814,15188,1582911178,410736486,pacmod,2.18,True,
2020/02/28/11:32:58.444628,15189,1582911178,444539502,pacmod,2.17,True,
2020/02/28/11:32:58.477607,15190,1582911178,477522712,pacmod,2.15,True,
2020/02/28/11:32:58.511859,15191,1582911178,511756574,pacmod,2.18,True,
2020/02/28/11:32:58.545057,15192,1582911178,544979039,pacmod,2.18,True,
2020/02/28/11:32:58.578457,15193,1582911178,578365204,pacmod,2.16,True,
2020/02/28/11:32:58.611400,15194,1582911178,611317841,pacmod,2.12,True,
2020/02/28/11:32:58.645379,15195,1582911178,645271736,pacmod,2.11,True,
2020/02/28/11:32:58.678405,15196,1582911178,678318499,pacmod,2.13,True,
2020/02/28/11:32:58.712599,15197,1582911178,712462002,pacmod,2.14,True,
2020/02/28/11:32:58.746659,15198,1582911178,746560061,pacmod,2.12,True,
2020/02/28/11:32:58.778658,15199,1582911178,778491022,pacmod,2.11,True,
2020/02/28/11:32:58.811985,15200,1582911178,811828165,pacmod,2.11,True,
2020/02/28/11:32:58.845442,15201,1582911178,845362173,pacmod,2.11,True,
2020/02/28/11:32:58.878876,15202,1582911178,878679368,pacmod,2.13,True,
2020/02/28/11:32:58.912284,15203,1582911178,912182607,pacmod,2.13,True,
2020/02/28/11:32:58.945938,15204,1582911178,945821582,pacmod,2.1,True,
2020/02/28/11:32:58.979067,15205,1582911178,978988425,pacmod,2.07,True,
2020/02/28/11:32:59.013092,15206,1582911179,12978314,pacmod,2.06,True,
2020/02/28/11:32:59.046074,15207,1582911179,45993646,pacmod,2.07,True,
2020/02/28/11:32:59.078957,15208,1582911179,78859051,pacmod,2.09,True,
2020/02/28/11:32:59.113234,15209,1582911179,113154904,pacmod,2.1,True,
2020/02/28/11:32:59.145786,15210,1582911179,145701570,pacmod,2.06,True,
2020/02/28/11:32:59.179069,15211,1582911179,178960620,pacmod,2.05,True,
2020/02/28/11:32:59.212866,15212,1582911179,212692814,pacmod,2.01,True,
2020/02/28/11:32:59.246485,15213,1582911179,246381044,pacmod,1.97,True,
2020/02/28/11:32:59.279387,15214,1582911179,279293542,pacmod,1.95,True,
2020/02/28/11:32:59.313340,15215,1582911179,313218043,pacmod,1.93,True,
2020/02/28/11:32:59.346627,15216,1582911179,346512108,pacmod,1.91,True,
2020/02/28/11:32:59.380119,15217,1582911179,380029922,pacmod,1.89,True,
2020/02/28/11:32:59.412977,15218,1582911179,412887982,pacmod,1.89,True,
2020/02/28/11:32:59.446976,15219,1582911179,446870284,pacmod,1.87,True,
2020/02/28/11:32:59.480900,15220,1582911179,480798229,pacmod,1.87,True,
2020/02/28/11:32:59.514199,15221,1582911179,514107104,pacmod,1.87,True,
2020/02/28/11:32:59.547159,15222,1582911179,547048781,pacmod,1.88,True,
2020/02/28/11:32:59.580727,15223,1582911179,580633732,pacmod,1.88,True,
2020/02/28/11:32:59.614520,15224,1582911179,614420388,pacmod,1.89,True,
2020/02/28/11:32:59.647450,15225,1582911179,647364227,pacmod,1.95,True,
2020/02/28/11:32:59.680895,15226,1582911179,680760240,pacmod,1.97,True,
2020/02/28/11:32:59.714311,15227,1582911179,714209556,pacmod,2,True,
2020/02/28/11:32:59.747757,15228,1582911179,747614390,pacmod,2,True,
2020/02/28/11:32:59.781279,15229,1582911179,781156182,pacmod,2.02,True,
2020/02/28/11:32:59.813849,15230,1582911179,813757670,pacmod,2.03,True,
2020/02/28/11:32:59.847755,15231,1582911179,847656095,pacmod,2.05,True,
2020/02/28/11:32:59.880742,15232,1582911179,880629852,pacmod,2.05,True,
2020/02/28/11:32:59.914906,15233,1582911179,914817509,pacmod,2.03,True,
2020/02/28/11:32:59.947697,15234,1582911179,947603414,pacmod,1.83,True,
2020/02/28/11:32:59.981273,15235,1582911179,981189825,pacmod,1.72,True,
2020/02/28/11:33:00.015151,15236,1582911180,15046409,pacmod,1.69,True,
2020/02/28/11:33:00.047692,15237,1582911180,47609092,pacmod,1.72,True,
2020/02/28/11:33:00.081493,15238,1582911180,81390737,pacmod,1.74,True,
2020/02/28/11:33:00.115578,15239,1582911180,115438158,pacmod,1.78,True,
2020/02/28/11:33:00.149034,15240,1582911180,148959899,pacmod,1.83,True,
2020/02/28/11:33:00.181812,15241,1582911180,181710322,pacmod,1.86,True,
2020/02/28/11:33:00.215450,15242,1582911180,215341246,pacmod,1.9,True,
2020/02/28/11:33:00.248981,15243,1582911180,248898824,pacmod,1.92,True,
2020/02/28/11:33:00.282896,15244,1582911180,282767427,pacmod,1.85,True,
2020/02/28/11:33:00.316268,15245,1582911180,316180605,pacmod,1.65,True,
2020/02/28/11:33:00.350364,15246,1582911180,350242009,pacmod,1.6,True,
2020/02/28/11:33:00.382081,15247,1582911180,382006196,pacmod,1.63,True,
2020/02/28/11:33:00.416220,15248,1582911180,416134130,pacmod,1.71,True,
2020/02/28/11:33:00.449204,15249,1582911180,449091495,pacmod,1.79,True,
2020/02/28/11:33:00.481988,15250,1582911180,481894008,pacmod,1.84,True,
2020/02/28/11:33:00.515941,15251,1582911180,515820869,pacmod,1.86,True,
2020/02/28/11:33:00.549170,15252,1582911180,549092604,pacmod,1.73,True,
2020/02/28/11:33:00.582950,15253,1582911180,582821105,pacmod,1.64,True,
2020/02/28/11:33:00.616431,15254,1582911180,616278216,pacmod,1.59,True,
2020/02/28/11:33:00.649016,15255,1582911180,648915149,pacmod,1.67,True,
2020/02/28/11:33:00.682306,15256,1582911180,682171773,pacmod,1.71,True,
2020/02/28/11:33:00.715900,15257,1582911180,715810488,pacmod,1.8,True,
2020/02/28/11:33:00.748587,15258,1582911180,748497163,pacmod,1.76,True,
2020/02/28/11:33:00.782195,15259,1582911180,782121427,pacmod,1.7,True,
2020/02/28/11:33:00.815884,15260,1582911180,815749038,pacmod,1.59,True,
2020/02/28/11:33:00.848641,15261,1582911180,848559366,pacmod,1.61,True,
2020/02/28/11:33:00.882109,15262,1582911180,881997182,pacmod,1.65,True,
2020/02/28/11:33:00.916260,15263,1582911180,916142075,pacmod,1.73,True,
2020/02/28/11:33:00.949090,15264,1582911180,948975877,pacmod,1.71,True,
2020/02/28/11:33:00.982339,15265,1582911180,982260443,pacmod,1.66,True,
2020/02/28/11:33:01.016598,15266,1582911181,16473320,pacmod,1.57,True,
2020/02/28/11:33:01.048982,15267,1582911181,48848111,pacmod,1.59,True,
2020/02/28/11:33:01.083245,15268,1582911181,83126360,pacmod,1.64,True,
2020/02/28/11:33:01.115854,15269,1582911181,115777261,pacmod,1.71,True,
2020/02/28/11:33:01.149987,15270,1582911181,149876833,pacmod,1.68,True,
2020/02/28/11:33:01.182518,15271,1582911181,182427855,pacmod,1.65,True,
2020/02/28/11:33:01.215981,15272,1582911181,215899440,pacmod,1.56,True,
2020/02/28/11:33:01.249321,15273,1582911181,249230220,pacmod,1.6,True,
2020/02/28/11:33:01.283018,15274,1582911181,282936922,pacmod,1.63,True,
2020/02/28/11:33:01.316963,15275,1582911181,316880442,pacmod,1.71,True,
2020/02/28/11:33:01.349264,15276,1582911181,349164372,pacmod,1.67,True,
2020/02/28/11:33:01.383301,15277,1582911181,383213806,pacmod,1.64,True,
2020/02/28/11:33:01.416148,15278,1582911181,416052897,pacmod,1.6,True,
2020/02/28/11:33:01.450007,15279,1582911181,449905649,pacmod,1.64,True,
2020/02/28/11:33:01.483033,15280,1582911181,482918358,pacmod,1.66,True,
2020/02/28/11:33:01.516746,15281,1582911181,516660608,pacmod,1.7,True,
2020/02/28/11:33:01.550071,15282,1582911181,549967790,pacmod,1.67,True,
2020/02/28/11:33:01.583356,15283,1582911181,583244139,pacmod,1.65,True,
2020/02/28/11:33:01.616252,15284,1582911181,616140915,pacmod,1.63,True,
2020/02/28/11:33:01.649824,15285,1582911181,649735042,pacmod,1.67,True,
2020/02/28/11:33:01.682887,15286,1582911181,682763678,pacmod,1.7,True,
2020/02/28/11:33:01.716643,15287,1582911181,716511009,pacmod,1.7,True,
2020/02/28/11:33:01.750287,15288,1582911181,750161905,pacmod,1.65,True,
2020/02/28/11:33:01.783542,15289,1582911181,783454999,pacmod,1.65,True,
2020/02/28/11:33:01.817698,15290,1582911181,817576009,pacmod,1.69,True,
2020/02/28/11:33:01.851015,15291,1582911181,850915988,pacmod,1.78,True,
2020/02/28/11:33:01.883047,15292,1582911181,882946534,pacmod,1.8,True,
2020/02/28/11:33:01.916711,15293,1582911181,916621582,pacmod,1.77,True,
2020/02/28/11:33:01.950106,15294,1582911181,950024200,pacmod,1.71,True,
2020/02/28/11:33:01.983729,15295,1582911181,983649719,pacmod,1.7,True,
2020/02/28/11:33:02.016801,15296,1582911182,16683018,pacmod,1.75,True,
2020/02/28/11:33:02.050532,15297,1582911182,50385322,pacmod,1.81,True,
,,,,,,,
2020/02/28/11:33:02.084059,15298,1582911182,83921256,pacmod,1.81,True,
,,,,,,,
2020/02/28/11:33:02.117099,15299,1582911182,117020934,pacmod,1.76,True,
2020/02/28/11:33:02.150499,15300,1582911182,150381246,pacmod,1.73,True,
2020/02/28/11:33:02.183241,15301,1582911182,183148117,pacmod,1.74,True,
2020/02/28/11:33:02.216971,15302,1582911182,216864922,pacmod,1.79,True,
2020/02/28/11:33:02.249831,15303,1582911182,249749520,pacmod,1.82,True,
2020/02/28/11:33:02.284017,15304,1582911182,283904151,pacmod,1.83,True,
2020/02/28/11:33:02.317549,15305,1582911182,317463809,pacmod,1.8,True,
2020/02/28/11:33:02.350895,15306,1582911182,350799635,pacmod,1.81,True,
2020/02/28/11:33:02.384038,15307,1582911182,383939525,pacmod,1.83,True,
2020/02/28/11:33:02.417548,15308,1582911182,417443512,pacmod,1.86,True,
2020/02/28/11:33:02.450549,15309,1582911182,450427056,pacmod,1.87,True,
2020/02/28/11:33:02.484130,15310,1582911182,484047249,pacmod,1.86,True,
2020/02/28/11:33:02.517554,15311,1582911182,517443758,pacmod,1.87,True,
2020/02/28/11:33:02.550041,15312,1582911182,549968021,pacmod,1.88,True,
2020/02/28/11:33:02.584022,15313,1582911182,583919019,pacmod,1.9,True,
2020/02/28/11:33:02.617418,15314,1582911182,617295098,pacmod,1.9,True,
2020/02/28/11:33:02.650685,15315,1582911182,650561748,pacmod,1.91,True,
2020/02/28/11:33:02.683922,15316,1582911182,683844066,pacmod,1.9,True,
2020/02/28/11:33:02.716802,15317,1582911182,716729875,pacmod,1.91,True,
2020/02/28/11:33:02.750109,15318,1582911182,750029088,pacmod,1.94,True,
2020/02/28/11:33:02.783405,15319,1582911182,783319444,pacmod,1.96,True,
2020/02/28/11:33:02.817393,15320,1582911182,817298641,pacmod,1.96,True,
2020/02/28/11:33:02.850983,15321,1582911182,850904526,pacmod,1.95,True,
2020/02/28/11:33:02.883885,15322,1582911182,883780173,pacmod,1.95,True,
2020/02/28/11:33:02.917263,15323,1582911182,917161464,pacmod,1.97,True,
2020/02/28/11:33:02.950107,15324,1582911182,950011891,pacmod,2,True,
2020/02/28/11:33:02.983700,15325,1582911182,983592924,pacmod,2.01,True,
2020/02/28/11:33:03.017766,15326,1582911183,17679924,pacmod,2.01,True,
2020/02/28/11:33:03.050542,15327,1582911183,50464735,pacmod,2,True,
2020/02/28/11:33:03.083401,15328,1582911183,83313202,pacmod,2.02,True,
2020/02/28/11:33:03.117292,15329,1582911183,117163480,pacmod,2.04,True,
2020/02/28/11:33:03.150053,15330,1582911183,149967326,pacmod,2.08,True,
2020/02/28/11:33:03.184415,15331,1582911183,184332780,pacmod,2.08,True,
2020/02/28/11:33:03.217654,15332,1582911183,217549259,pacmod,2.07,True,
2020/02/28/11:33:03.251080,15333,1582911183,250973267,pacmod,2.08,True,
2020/02/28/11:33:03.284190,15334,1582911183,284081746,pacmod,2.1,True,
2020/02/28/11:33:03.316901,15335,1582911183,316826319,pacmod,2.12,True,
2020/02/28/11:33:03.350482,15336,1582911183,350367244,pacmod,2.11,True,
2020/02/28/11:33:03.383825,15337,1582911183,383747008,pacmod,2.11,True,
2020/02/28/11:33:03.417017,15338,1582911183,416928459,pacmod,2.14,True,
2020/02/28/11:33:03.450224,15339,1582911183,450112881,pacmod,2.2,True,
2020/02/28/11:33:03.483422,15340,1582911183,483322763,pacmod,2.21,True,
2020/02/28/11:33:03.516978,15341,1582911183,516896676,pacmod,2.19,True,
2020/02/28/11:33:03.551026,15342,1582911183,550913859,pacmod,2.15,True,
2020/02/28/11:33:03.584020,15343,1582911183,583943733,pacmod,2.14,True,
2020/02/28/11:33:03.617704,15344,1582911183,617596157,pacmod,2.17,True,
2020/02/28/11:33:03.650487,15345,1582911183,650356652,pacmod,2.24,True,
2020/02/28/11:33:03.684429,15346,1582911183,684324040,pacmod,2.26,True,
2020/02/28/11:33:03.717494,15347,1582911183,717415536,pacmod,2.27,True,
2020/02/28/11:33:03.750725,15348,1582911183,750610498,pacmod,2.24,True,
2020/02/28/11:33:03.783892,15349,1582911183,783782252,pacmod,2.23,True,
2020/02/28/11:33:03.817663,15350,1582911183,817573645,pacmod,2.27,True,
2020/02/28/11:33:03.850741,15351,1582911183,850622515,pacmod,2.29,True,
2020/02/28/11:33:03.884761,15352,1582911183,884648240,pacmod,2.3,True,
2020/02/28/11:33:03.917946,15353,1582911183,917858656,pacmod,2.32,True,
2020/02/28/11:33:03.951269,15354,1582911183,951129771,pacmod,2.33,True,
2020/02/28/11:33:03.984201,15355,1582911183,984052337,pacmod,2.33,True,
2020/02/28/11:33:04.017735,15356,1582911184,17640267,pacmod,2.34,True,
2020/02/28/11:33:04.051701,15357,1582911184,51585424,pacmod,2.36,True,
2020/02/28/11:33:04.085137,15358,1582911184,85034838,pacmod,2.37,True,
2020/02/28/11:33:04.117932,15359,1582911184,117839753,pacmod,2.37,True,
2020/02/28/11:33:04.151158,15360,1582911184,151021589,pacmod,2.36,True,
2020/02/28/11:33:04.184576,15361,1582911184,184482680,pacmod,2.37,True,
2020/02/28/11:33:04.218769,15362,1582911184,218615807,pacmod,2.4,True,
2020/02/28/11:33:04.251474,15363,1582911184,251391705,pacmod,2.43,True,
2020/02/28/11:33:04.285617,15364,1582911184,285521226,pacmod,2.41,True,
2020/02/28/11:33:04.318286,15365,1582911184,318166104,pacmod,2.4,True,
2020/02/28/11:33:04.352060,15366,1582911184,351983724,pacmod,2.44,True,
2020/02/28/11:33:04.385908,15367,1582911184,385816718,pacmod,2.43,True,
2020/02/28/11:33:04.418783,15368,1582911184,418693999,pacmod,2.41,True,
2020/02/28/11:33:04.452160,15369,1582911184,452062543,pacmod,2.37,True,
2020/02/28/11:33:04.485848,15370,1582911184,485768008,pacmod,2.35,True,
2020/02/28/11:33:04.518851,15371,1582911184,518748794,pacmod,2.37,True,
2020/02/28/11:33:04.551657,15372,1582911184,551542397,pacmod,2.37,True,
2020/02/28/11:33:04.585818,15373,1582911184,585724840,pacmod,2.35,True,
2020/02/28/11:33:04.618647,15374,1582911184,618544754,pacmod,2.34,True,
2020/02/28/11:33:04.652267,15375,1582911184,652162015,pacmod,2.33,True,
2020/02/28/11:33:04.685515,15376,1582911184,685421377,pacmod,2.31,True,
2020/02/28/11:33:04.719466,15377,1582911184,719378885,pacmod,2.31,True,
2020/02/28/11:33:04.752544,15378,1582911184,752463576,pacmod,2.3,True,
2020/02/28/11:33:04.786688,15379,1582911184,786602222,pacmod,2.3,True,
2020/02/28/11:33:04.820598,15380,1582911184,820504411,pacmod,2.34,True,
2020/02/28/11:33:04.852971,15381,1582911184,852801106,pacmod,2.47,True,
2020/02/28/11:33:04.886515,15382,1582911184,886413154,pacmod,2.54,True,
2020/02/28/11:33:04.919617,15383,1582911184,919527987,pacmod,2.53,True,
2020/02/28/11:33:04.953246,15384,1582911184,953134475,pacmod,2.53,True,
2020/02/28/11:33:04.985980,15385,1582911184,985899451,pacmod,2.5,True,
2020/02/28/11:33:05.019612,15386,1582911185,19521788,pacmod,2.49,True,
2020/02/28/11:33:05.052945,15387,1582911185,52862841,pacmod,2.46,True,
2020/02/28/11:33:05.086010,15388,1582911185,85912309,pacmod,2.46,True,
2020/02/28/11:33:05.119994,15389,1582911185,119907700,pacmod,2.43,True,
2020/02/28/11:33:05.153018,15390,1582911185,152908277,pacmod,2.4,True,
2020/02/28/11:33:05.186430,15391,1582911185,186340629,pacmod,2.38,True,
2020/02/28/11:33:05.219449,15392,1582911185,219303571,pacmod,2.37,True,
2020/02/28/11:33:05.253276,15393,1582911185,253198218,pacmod,2.35,True,
2020/02/28/11:33:05.285988,15394,1582911185,285869393,pacmod,2.33,True,
2020/02/28/11:33:05.319681,15395,1582911185,319567142,pacmod,2.34,True,
2020/02/28/11:33:05.352348,15396,1582911185,352262759,pacmod,2.31,True,
2020/02/28/11:33:05.386235,15397,1582911185,386157446,pacmod,2.39,True,
2020/02/28/11:33:05.419647,15398,1582911185,419560522,pacmod,2.44,True,
2020/02/28/11:33:05.453408,15399,1582911185,453275129,pacmod,2.51,True,
2020/02/28/11:33:05.486081,15400,1582911185,486000535,pacmod,2.52,True,
2020/02/28/11:33:05.519252,15401,1582911185,519160022,pacmod,2.51,True,
2020/02/28/11:33:05.553306,15402,1582911185,553220064,pacmod,2.49,True,
2020/02/28/11:33:05.586076,15403,1582911185,585949233,pacmod,2.47,True,
2020/02/28/11:33:05.619486,15404,1582911185,619344823,pacmod,2.46,True,
2020/02/28/11:33:05.652946,15405,1582911185,652864200,pacmod,2.43,True,
2020/02/28/11:33:05.686157,15406,1582911185,686033347,pacmod,2.42,True,
2020/02/28/11:33:05.719232,15407,1582911185,719158922,pacmod,2.42,True,
2020/02/28/11:33:05.752736,15408,1582911185,752630978,pacmod,2.43,True,
2020/02/28/11:33:05.786895,15409,1582911185,786807013,pacmod,2.48,True,
2020/02/28/11:33:05.819582,15410,1582911185,819508693,pacmod,2.51,True,
2020/02/28/11:33:05.852543,15411,1582911185,852463047,pacmod,2.53,True,
2020/02/28/11:33:05.886831,15412,1582911185,886757855,pacmod,2.5,True,
2020/02/28/11:33:05.919786,15413,1582911185,919683700,pacmod,2.49,True,
2020/02/28/11:33:05.953085,15414,1582911185,952989979,pacmod,2.47,True,
2020/02/28/11:33:05.986499,15415,1582911185,986400004,pacmod,2.45,True,
2020/02/28/11:33:06.020216,15416,1582911186,20113274,pacmod,2.45,True,
2020/02/28/11:33:06.053542,15417,1582911186,53398888,pacmod,2.43,True,
2020/02/28/11:33:06.087461,15418,1582911186,87346645,pacmod,2.45,True,
2020/02/28/11:33:06.120792,15419,1582911186,120699074,pacmod,2.46,True,
2020/02/28/11:33:06.153104,15420,1582911186,153014760,pacmod,2.52,True,
2020/02/28/11:33:06.186924,15421,1582911186,186809963,pacmod,2.55,True,
2020/02/28/11:33:06.220769,15422,1582911186,220638260,pacmod,2.54,True,
2020/02/28/11:33:06.254088,15423,1582911186,253956063,pacmod,2.53,True,
2020/02/28/11:33:06.287055,15424,1582911186,286968837,pacmod,2.51,True,
2020/02/28/11:33:06.321283,15425,1582911186,321187066,pacmod,2.5,True,
2020/02/28/11:33:06.354196,15426,1582911186,354088806,pacmod,2.47,True,
2020/02/28/11:33:06.387060,15427,1582911186,386943995,pacmod,2.45,True,
2020/02/28/11:33:06.419998,15428,1582911186,419911967,pacmod,2.46,True,
2020/02/28/11:33:06.453790,15429,1582911186,453717944,pacmod,2.45,True,
2020/02/28/11:33:06.487062,15430,1582911186,486919072,pacmod,2.48,True,
2020/02/28/11:33:06.520722,15431,1582911186,520615016,pacmod,2.5,True,
2020/02/28/11:33:06.554067,15432,1582911186,553945261,pacmod,2.54,True,
2020/02/28/11:33:06.586937,15433,1582911186,586864000,pacmod,2.51,True,
2020/02/28/11:33:06.620692,15434,1582911186,620579651,pacmod,2.51,True,
2020/02/28/11:33:06.654655,15435,1582911186,654552221,pacmod,2.49,True,
2020/02/28/11:33:06.687334,15436,1582911186,687228872,pacmod,2.47,True,
2020/02/28/11:33:06.720960,15437,1582911186,720879692,pacmod,2.47,True,
2020/02/28/11:33:06.754038,15438,1582911186,753921673,pacmod,2.45,True,
2020/02/28/11:33:06.786988,15439,1582911186,786872174,pacmod,2.46,True,
2020/02/28/11:33:06.821248,15440,1582911186,821154722,pacmod,2.47,True,
2020/02/28/11:33:06.854594,15441,1582911186,854471499,pacmod,2.49,True,
2020/02/28/11:33:06.887370,15442,1582911186,887250198,pacmod,2.5,True,
2020/02/28/11:33:06.920748,15443,1582911186,920671866,pacmod,2.5,True,
2020/02/28/11:33:06.954407,15444,1582911186,954314644,pacmod,2.51,True,
2020/02/28/11:33:06.987384,15445,1582911186,987280767,pacmod,2.49,True,
2020/02/28/11:33:07.021137,15446,1582911187,21032991,pacmod,2.47,True,
2020/02/28/11:33:07.053937,15447,1582911187,53833499,pacmod,2.46,True,
2020/02/28/11:33:07.087855,15448,1582911187,87771732,pacmod,2.45,True,
2020/02/28/11:33:07.120846,15449,1582911187,120759417,pacmod,2.44,True,
2020/02/28/11:33:07.154875,15450,1582911187,154778281,pacmod,2.45,True,
2020/02/28/11:33:07.187557,15451,1582911187,187465570,pacmod,2.48,True,
2020/02/28/11:33:07.221079,15452,1582911187,220961339,pacmod,2.47,True,
2020/02/28/11:33:07.255183,15453,1582911187,255094314,pacmod,2.47,True,
2020/02/28/11:33:07.287867,15454,1582911187,287776435,pacmod,2.49,True,
2020/02/28/11:33:07.321856,15455,1582911187,321718621,pacmod,2.5,True,
2020/02/28/11:33:07.354327,15456,1582911187,354222104,pacmod,2.49,True,
2020/02/28/11:33:07.388164,15457,1582911187,388086028,pacmod,2.47,True,
2020/02/28/11:33:07.422189,15458,1582911187,422056654,pacmod,2.47,True,
2020/02/28/11:33:07.455122,15459,1582911187,455043120,pacmod,2.46,True,
2020/02/28/11:33:07.487859,15460,1582911187,487754655,pacmod,2.43,True,
2020/02/28/11:33:07.521918,15461,1582911187,521834253,pacmod,2.42,True,
2020/02/28/11:33:07.554683,15462,1582911187,554591461,pacmod,2.38,True,
2020/02/28/11:33:07.588911,15463,1582911187,588787327,pacmod,2.37,True,
2020/02/28/11:33:07.621515,15464,1582911187,621439668,pacmod,2.37,True,
2020/02/28/11:33:07.654947,15465,1582911187,654875142,pacmod,2.34,True,
2020/02/28/11:33:07.688931,15466,1582911187,688848052,pacmod,2.31,True,
2020/02/28/11:33:07.721873,15467,1582911187,721781877,pacmod,2.31,True,
2020/02/28/11:33:07.756573,15468,1582911187,756444267,pacmod,2.29,True,
2020/02/28/11:33:07.789845,15469,1582911187,789741144,pacmod,2.29,True,
2020/02/28/11:33:07.823184,15470,1582911187,823102571,pacmod,2.28,True,
2020/02/28/11:33:07.855508,15471,1582911187,855438684,pacmod,2.31,True,
2020/02/28/11:33:07.889347,15472,1582911187,889223004,pacmod,2.33,True,
2020/02/28/11:33:07.922066,15473,1582911187,921981152,pacmod,2.34,True,
2020/02/28/11:33:07.956033,15474,1582911187,955947530,pacmod,2.34,True,
2020/02/28/11:33:07.988870,15475,1582911187,988789953,pacmod,2.33,True,
2020/02/28/11:33:08.023154,15476,1582911188,23059787,pacmod,2.3,True,
2020/02/28/11:33:08.055726,15477,1582911188,55635928,pacmod,2.3,True,
2020/02/28/11:33:08.090006,15478,1582911188,89886397,pacmod,2.27,True,
2020/02/28/11:33:08.123622,15479,1582911188,123532209,pacmod,2.28,True,
2020/02/28/11:33:08.156283,15480,1582911188,156208797,pacmod,2.26,True,
2020/02/28/11:33:08.189811,15481,1582911188,189697550,pacmod,2.24,True,
2020/02/28/11:33:08.223825,15482,1582911188,223739921,pacmod,2.25,True,
2020/02/28/11:33:08.256654,15483,1582911188,256560943,pacmod,2.24,True,
2020/02/28/11:33:08.290283,15484,1582911188,290194617,pacmod,2.23,True,
2020/02/28/11:33:08.323998,15485,1582911188,323902578,pacmod,2.24,True,
2020/02/28/11:33:08.356909,15486,1582911188,356802272,pacmod,2.24,True,
2020/02/28/11:33:08.390686,15487,1582911188,390564302,pacmod,2.25,True,
2020/02/28/11:33:08.424201,15488,1582911188,424095152,pacmod,2.25,True,
,,,,,,,
2020/02/28/11:33:08.457351,15489,1582911188,457255877,pacmod,2.24,True,
2020/02/28/11:33:08.490301,15490,1582911188,490181502,pacmod,2.22,True,
2020/02/28/11:33:08.524310,15491,1582911188,524187941,pacmod,2.22,True,
2020/02/28/11:33:08.556943,15492,1582911188,556861528,pacmod,2.21,True,
2020/02/28/11:33:08.590938,15493,1582911188,590817231,pacmod,2.21,True,
2020/02/28/11:33:08.623631,15494,1582911188,623539632,pacmod,2.2,True,
2020/02/28/11:33:08.656977,15495,1582911188,656887267,pacmod,2.2,True,
2020/02/28/11:33:08.690892,15496,1582911188,690776201,pacmod,2.21,True,
2020/02/28/11:33:08.724102,15497,1582911188,724013442,pacmod,2.22,True,
2020/02/28/11:33:08.757059,15498,1582911188,756938223,pacmod,2.23,True,
2020/02/28/11:33:08.791078,15499,1582911188,790958179,pacmod,2.25,True,
2020/02/28/11:33:08.824738,15500,1582911188,824636650,pacmod,2.28,True,
2020/02/28/11:33:08.857516,15501,1582911188,857414890,pacmod,2.29,True,
2020/02/28/11:33:08.891291,15502,1582911188,891168506,pacmod,2.34,True,
2020/02/28/11:33:08.925072,15503,1582911188,924986009,pacmod,2.37,True,
2020/02/28/11:33:08.958365,15504,1582911188,958280922,pacmod,2.28,True,
2020/02/28/11:33:08.991058,15505,1582911188,990941347,pacmod,2,True,
2020/02/28/11:33:09.024568,15506,1582911189,24487792,pacmod,1.92,True,
2020/02/28/11:33:09.057540,15507,1582911189,57463341,pacmod,1.96,True,
2020/02/28/11:33:09.091515,15508,1582911189,91435737,pacmod,2.1,True,
2020/02/28/11:33:09.124981,15509,1582911189,124885630,pacmod,2.22,True,
2020/02/28/11:33:09.158090,15510,1582911189,158011545,pacmod,2.3,True,
2020/02/28/11:33:09.190890,15511,1582911189,190794396,pacmod,2.3,True,
2020/02/28/11:33:09.224569,15512,1582911189,224465908,pacmod,2.07,True,
2020/02/28/11:33:09.258513,15513,1582911189,258420659,pacmod,1.96,True,
2020/02/28/11:33:09.291411,15514,1582911189,291257193,pacmod,1.99,True,
2020/02/28/11:33:09.325505,15515,1582911189,325401824,pacmod,2.19,True,
2020/02/28/11:33:09.359071,15516,1582911189,358966395,pacmod,2.27,True,
2020/02/28/11:33:09.390989,15517,1582911189,390902525,pacmod,2.25,True,
2020/02/28/11:33:09.425022,15518,1582911189,424900869,pacmod,2.06,True,
2020/02/28/11:33:09.458074,15519,1582911189,457935385,pacmod,2.01,True,
2020/02/28/11:33:09.492080,15520,1582911189,491986375,pacmod,2.1,True,
2020/02/28/11:33:09.525395,15521,1582911189,525292106,pacmod,2.28,True,
2020/02/28/11:33:09.558248,15522,1582911189,558121753,pacmod,2.31,True,
2020/02/28/11:33:09.591204,15523,1582911189,591122675,pacmod,2.2,True,
2020/02/28/11:33:09.625133,15524,1582911189,625055293,pacmod,2.08,True,
2020/02/28/11:33:09.659277,15525,1582911189,659204801,pacmod,2.1,True,
2020/02/28/11:33:09.691826,15526,1582911189,691749835,pacmod,2.23,True,
2020/02/28/11:33:09.725919,15527,1582911189,725842923,pacmod,2.35,True,
2020/02/28/11:33:09.759034,15528,1582911189,758950097,pacmod,2.33,True,
2020/02/28/11:33:09.792322,15529,1582911189,792223413,pacmod,2.19,True,
2020/02/28/11:33:09.825696,15530,1582911189,825546937,pacmod,2.15,True,
2020/02/28/11:33:09.859469,15531,1582911189,859355297,pacmod,2.21,True,
2020/02/28/11:33:09.892373,15532,1582911189,892277488,pacmod,2.35,True,
2020/02/28/11:33:09.926653,15533,1582911189,926553663,pacmod,2.38,True,
2020/02/28/11:33:09.960037,15534,1582911189,959932486,pacmod,2.32,True,
2020/02/28/11:33:09.993271,15535,1582911189,993200166,pacmod,2.23,True,
2020/02/28/11:33:10.025953,15536,1582911190,25879286,pacmod,2.28,True,
2020/02/28/11:33:10.059426,15537,1582911190,59295497,pacmod,2.35,True,
2020/02/28/11:33:10.093366,15538,1582911190,93286231,pacmod,2.43,True,
2020/02/28/11:33:10.125789,15539,1582911190,125703755,pacmod,2.38,True,
2020/02/28/11:33:10.159776,15540,1582911190,159678778,pacmod,2.34,True,
2020/02/28/11:33:10.193402,15541,1582911190,193308859,pacmod,2.34,True,
2020/02/28/11:33:10.226266,15542,1582911190,226150901,pacmod,2.43,True,
2020/02/28/11:33:10.259774,15543,1582911190,259660185,pacmod,2.52,True,
2020/02/28/11:33:10.293432,15544,1582911190,293347437,pacmod,2.5,True,
2020/02/28/11:33:10.327082,15545,1582911190,326981164,pacmod,2.42,True,
2020/02/28/11:33:10.360532,15546,1582911190,360426150,pacmod,2.39,True,
2020/02/28/11:33:10.393971,15547,1582911190,393867699,pacmod,2.45,True,
2020/02/28/11:33:10.427047,15548,1582911190,426960960,pacmod,2.55,True,
2020/02/28/11:33:10.460999,15549,1582911190,460870517,pacmod,2.57,True,
2020/02/28/11:33:10.493869,15550,1582911190,493783555,pacmod,2.54,True,
2020/02/28/11:33:10.526556,15551,1582911190,526464321,pacmod,2.51,True,
2020/02/28/11:33:10.559941,15552,1582911190,559851718,pacmod,2.53,True,
2020/02/28/11:33:10.593371,15553,1582911190,593279902,pacmod,2.57,True,
2020/02/28/11:33:10.627278,15554,1582911190,627163725,pacmod,2.61,True,
2020/02/28/11:33:10.660408,15555,1582911190,660318904,pacmod,2.61,True,
2020/02/28/11:33:10.693997,15556,1582911190,693920942,pacmod,2.58,True,
2020/02/28/11:33:10.726750,15557,1582911190,726663909,pacmod,2.61,True,
2020/02/28/11:33:10.760199,15558,1582911190,760093173,pacmod,2.63,True,
2020/02/28/11:33:10.793765,15559,1582911190,793689064,pacmod,2.68,True,
2020/02/28/11:33:10.827713,15560,1582911190,827585360,pacmod,2.71,True,
2020/02/28/11:33:10.861487,15561,1582911190,861407372,pacmod,2.7,True,
2020/02/28/11:33:10.895306,15562,1582911190,895181056,pacmod,2.7,True,
,,,,,,,
2020/02/28/11:33:10.927092,15563,1582911190,927004829,pacmod,2.71,True,
2020/02/28/11:33:10.960886,15564,1582911190,960800918,pacmod,2.74,True,""""
2020/02/28/11:33:31.055921,16166,1582911211,55840761,pacmod,1.39,True,
2020/02/28/11:33:31.090049,16167,1582911211,89928048,pacmod,1.37,True,
2020/02/28/11:33:31.123395,16168,1582911211,123301715,pacmod,1.3,True,
2020/02/28/11:33:31.156316,16169,1582911211,156222173,pacmod,1.28,True,
2020/02/28/11:33:31.190112,16170,1582911211,189996993,pacmod,1.23,True,
2020/02/28/11:33:31.223111,16171,1582911211,223036660,pacmod,1.21,True,
2020/02/28/11:33:31.256876,16172,1582911211,256800557,pacmod,1.19,True,
2020/02/28/11:33:31.289660,16173,1582911211,289565762,pacmod,1.19,True,
2020/02/28/11:33:31.323703,16174,1582911211,323614151,pacmod,1.19,True,
2020/02/28/11:33:31.355995,16175,1582911211,355910025,pacmod,1.18,True,
2020/02/28/11:33:31.389807,16176,1582911211,389719780,pacmod,1.19,True,
2020/02/28/11:33:31.423717,16177,1582911211,423630162,pacmod,1.22,True,
2020/02/28/11:33:31.456496,16178,1582911211,456391746,pacmod,1.24,True,
2020/02/28/11:33:31.489748,16179,1582911211,489628824,pacmod,1.31,True,
2020/02/28/11:33:31.523567,16180,1582911211,523491951,pacmod,1.39,True,
2020/02/28/11:33:31.556561,16181,1582911211,556471851,pacmod,1.42,True,
2020/02/28/11:33:31.590396,16182,1582911211,590295886,pacmod,1.29,True,
2020/02/28/11:33:31.623108,16183,1582911211,623026671,pacmod,1.04,True,
2020/02/28/11:33:31.656775,16184,1582911211,656698954,pacmod,1,True,
2020/02/28/11:33:31.690817,16185,1582911211,690702506,pacmod,1.13,True,
2020/02/28/11:33:31.723207,16186,1582911211,723133293,pacmod,1.33,True,
2020/02/28/11:33:31.756720,16187,1582911211,756646398,pacmod,1.34,True,
2020/02/28/11:33:31.790645,16188,1582911211,790556305,pacmod,1.2,True,
2020/02/28/11:33:31.823474,16189,1582911211,823396237,pacmod,1.05,True,
2020/02/28/11:33:31.857395,16190,1582911211,857307710,pacmod,1.04,True,
2020/02/28/11:33:31.890711,16191,1582911211,890584418,pacmod,1.21,True,
2020/02/28/11:33:31.924267,16192,1582911211,924126327,pacmod,1.32,True,
2020/02/28/11:33:31.957190,16193,1582911211,957105659,pacmod,1.3,True,
2020/02/28/11:33:31.990463,16194,1582911211,990386436,pacmod,1.17,True,
2020/02/28/11:33:32.024375,16195,1582911212,24200619,pacmod,1.12,True,
2020/02/28/11:33:32.056910,16196,1582911212,56781471,pacmod,1.17,True,
2020/02/28/11:33:32.091248,16197,1582911212,91168344,pacmod,1.31,True,
2020/02/28/11:33:32.123881,16198,1582911212,123755946,pacmod,1.33,True,
2020/02/28/11:33:32.158031,16199,1582911212,157922047,pacmod,1.28,True,
2020/02/28/11:33:32.191462,16200,1582911212,191371329,pacmod,1.18,True,
2020/02/28/11:33:32.224920,16201,1582911212,224835574,pacmod,1.23,True,
2020/02/28/11:33:32.258296,16202,1582911212,258214239,pacmod,1.3,True,
2020/02/28/11:33:32.292338,16203,1582911212,292245704,pacmod,1.4,True,
2020/02/28/11:33:32.325766,16204,1582911212,325684562,pacmod,1.39,True,
2020/02/28/11:33:32.358496,16205,1582911212,358417522,pacmod,1.35,True,
2020/02/28/11:33:32.392093,16206,1582911212,392015666,pacmod,1.31,True,
2020/02/28/11:33:32.424906,16207,1582911212,424803852,pacmod,1.37,True,
2020/02/28/11:33:32.458222,16208,1582911212,458139721,pacmod,1.42,True,
2020/02/28/11:33:32.492157,16209,1582911212,492069570,pacmod,1.47,True,
2020/02/28/11:33:32.525212,16210,1582911212,525036444,pacmod,1.44,True,
2020/02/28/11:33:32.559235,16211,1582911212,559130353,pacmod,1.43,True,
2020/02/28/11:33:32.592062,16212,1582911212,591972096,pacmod,1.46,True,
2020/02/28/11:33:32.625317,16213,1582911212,625210120,pacmod,1.55,True,
2020/02/28/11:33:32.658608,16214,1582911212,658486587,pacmod,1.6,True,
2020/02/28/11:33:32.691785,16215,1582911212,691692733,pacmod,1.59,True,
2020/02/28/11:33:32.725635,16216,1582911212,725470879,pacmod,1.55,True,
2020/02/28/11:33:32.759097,16217,1582911212,759017026,pacmod,1.55,True,
2020/02/28/11:33:32.792532,16218,1582911212,792427000,pacmod,1.62,True,
2020/02/28/11:33:32.825398,16219,1582911212,825310642,pacmod,1.7,True,
2020/02/28/11:33:32.859222,16220,1582911212,859142558,pacmod,1.72,True,
2020/02/28/11:33:32.892231,16221,1582911212,892140654,pacmod,1.7,True,
2020/02/28/11:33:32.925253,16222,1582911212,925152660,pacmod,1.69,True,
2020/02/28/11:33:32.959224,16223,1582911212,959130573,pacmod,1.72,True,
2020/02/28/11:33:32.992058,16224,1582911212,991954884,pacmod,1.77,True,
2020/02/28/11:33:33.025856,16225,1582911213,25770600,pacmod,1.81,True,
2020/02/28/11:33:33.058896,16226,1582911213,58805285,pacmod,1.8,True,
2020/02/28/11:33:33.092585,16227,1582911213,92497496,pacmod,1.8,True,
2020/02/28/11:33:33.126246,16228,1582911213,126170393,pacmod,1.84,True,""""
2020/02/28/11:34:04.260800,17161,1582911244,260709908,pacmod,3.58,True,
2020/02/28/11:34:04.293323,17162,1582911244,293207433,pacmod,3.56,True,
2020/02/28/11:34:04.327782,17163,1582911244,327662696,pacmod,3.52,True,
2020/02/28/11:34:04.360815,17164,1582911244,360696188,pacmod,3.48,True,
2020/02/28/11:34:04.393567,17165,1582911244,393491465,pacmod,3.45,True,
2020/02/28/11:34:04.427025,17166,1582911244,426893782,pacmod,3.43,True,
2020/02/28/11:34:04.460890,17167,1582911244,460791393,pacmod,3.36,True,
2020/02/28/11:34:04.494284,17168,1582911244,494198920,pacmod,3.39,True,
2020/02/28/11:34:04.527971,17169,1582911244,527860823,pacmod,3.62,True,
2020/02/28/11:34:04.560645,17170,1582911244,560556583,pacmod,3.56,True,
2020/02/28/11:34:04.594562,17171,1582911244,594485199,pacmod,3.52,True,
2020/02/28/11:34:04.627991,17172,1582911244,627899465,pacmod,3.43,True,
2020/02/28/11:34:04.660459,17173,1582911244,660366635,pacmod,3.43,True,
2020/02/28/11:34:04.694510,17174,1582911244,694431610,pacmod,3.38,True,
2020/02/28/11:34:04.727922,17175,1582911244,727813654,pacmod,3.32,True,
2020/02/28/11:34:04.761740,17176,1582911244,761655125,pacmod,3.19,True,
2020/02/28/11:34:04.794348,17177,1582911244,794252227,pacmod,3.15,True,
2020/02/28/11:34:04.827817,17178,1582911244,827673686,pacmod,3.09,True,
2020/02/28/11:34:04.861529,17179,1582911244,861456848,pacmod,3.06,True,
2020/02/28/11:34:04.895403,17180,1582911244,895317449,pacmod,3.06,True,
2020/02/28/11:34:04.927899,17181,1582911244,927816211,pacmod,3.05,True,
2020/02/28/11:34:04.961849,17182,1582911244,961746377,pacmod,3.04,True,
2020/02/28/11:34:04.995402,17183,1582911244,995313129,pacmod,3.01,True,
2020/02/28/11:34:05.028981,17184,1582911245,28898925,pacmod,2.99,True,
2020/02/28/11:34:05.061304,17185,1582911245,61214898,pacmod,2.98,True,
2020/02/28/11:34:05.095536,17186,1582911245,95440818,pacmod,2.96,True,
2020/02/28/11:34:05.128089,17187,1582911245,127962745,pacmod,3.03,True,
2020/02/28/11:34:05.162223,17188,1582911245,162127793,pacmod,3.1,True,
2020/02/28/11:34:05.194731,17189,1582911245,194656531,pacmod,3.08,True,
2020/02/28/11:34:05.229013,17190,1582911245,228918972,pacmod,2.98,True,
2020/02/28/11:34:05.261813,17191,1582911245,261697317,pacmod,2.89,True,
2020/02/28/11:34:05.295311,17192,1582911245,295223343,pacmod,2.86,True,
2020/02/28/11:34:05.329007,17193,1582911245,328911467,pacmod,2.87,True,
2020/02/28/11:34:05.361796,17194,1582911245,361650384,pacmod,2.89,True,
2020/02/28/11:34:05.395723,17195,1582911245,395629678,pacmod,2.89,True,
2020/02/28/11:34:05.428702,17196,1582911245,428581089,pacmod,2.82,True,
2020/02/28/11:34:05.461617,17197,1582911245,461538801,pacmod,2.71,True,
2020/02/28/11:34:05.495943,17198,1582911245,495863751,pacmod,2.67,True,
2020/02/28/11:34:05.528482,17199,1582911245,528395956,pacmod,2.69,True,
2020/02/28/11:34:05.561616,17200,1582911245,561529337,pacmod,2.71,True,
2020/02/28/11:34:05.595511,17201,1582911245,595421553,pacmod,2.71,True,
2020/02/28/11:34:05.629186,17202,1582911245,629061574,pacmod,2.6,True,
2020/02/28/11:34:05.662340,17203,1582911245,662242829,pacmod,2.52,True,
2020/02/28/11:34:05.695086,17204,1582911245,694987601,pacmod,2.49,True,
2020/02/28/11:34:05.729194,17205,1582911245,729100887,pacmod,2.5,True,
2020/02/28/11:34:05.762449,17206,1582911245,762337676,pacmod,2.5,True,
2020/02/28/11:34:05.795193,17207,1582911245,795076049,pacmod,2.49,True,
2020/02/28/11:34:05.828961,17208,1582911245,828797621,pacmod,2.37,True,
2020/02/28/11:34:05.862544,17209,1582911245,862431891,pacmod,2.27,True,
2020/02/28/11:34:05.895438,17210,1582911245,895343358,pacmod,2.25,True,
,,,,,,,
2020/02/28/11:34:05.928581,17211,1582911245,928482080,pacmod,2.27,True,
2020/02/28/11:34:05.962663,17212,1582911245,962547681,pacmod,2.27,True,
2020/02/28/11:34:05.996031,17213,1582911245,995937132,pacmod,2.22,True,
2020/02/28/11:34:06.029517,17214,1582911246,29416529,pacmod,2.1,True,
2020/02/28/11:34:06.061975,17215,1582911246,61905105,pacmod,2.04,True,
2020/02/28/11:34:06.096412,17216,1582911246,96289479,pacmod,2.04,True,
2020/02/28/11:34:06.128971,17217,1582911246,128886285,pacmod,2.06,True,
2020/02/28/11:34:06.163218,17218,1582911246,163127191,pacmod,2.01,True,
2020/02/28/11:34:06.196292,17219,1582911246,196193360,pacmod,1.95,True,
2020/02/28/11:34:06.229584,17220,1582911246,229479435,pacmod,1.84,True,
2020/02/28/11:34:06.262348,17221,1582911246,262188038,pacmod,1.79,True,
2020/02/28/11:34:06.295880,17222,1582911246,295786061,pacmod,1.81,True,
2020/02/28/11:34:06.329821,17223,1582911246,329741616,pacmod,1.84,True,
2020/02/28/11:34:06.362944,17224,1582911246,362870126,pacmod,1.82,True,
2020/02/28/11:34:06.396602,17225,1582911246,396503191,pacmod,1.77,True,
2020/02/28/11:34:06.429403,17226,1582911246,429305507,pacmod,1.68,True,
2020/02/28/11:34:06.462744,17227,1582911246,462651300,pacmod,1.62,True,
2020/02/28/11:34:06.496574,17228,1582911246,496489973,pacmod,1.61,True,
2020/02/28/11:34:06.530468,17229,1582911246,530351875,pacmod,1.62,True,
2020/02/28/11:34:06.563402,17230,1582911246,563321189,pacmod,1.56,True,
2020/02/28/11:34:06.596257,17231,1582911246,596165739,pacmod,1.52,True,
2020/02/28/11:34:06.629999,17232,1582911246,629919778,pacmod,1.43,True,
2020/02/28/11:34:06.663858,17233,1582911246,663771448,pacmod,1.39,True,
2020/02/28/11:34:06.697362,17234,1582911246,697276704,pacmod,1.4,True,
2020/02/28/11:34:06.731028,17235,1582911246,730935811,pacmod,1.4,True,""""
2020/02/28/11:34:10.702697,17354,1582911250,702613955,pacmod,1.93,True,
2020/02/28/11:34:10.735974,17355,1582911250,735889306,pacmod,1.95,True,
2020/02/28/11:34:10.768685,17356,1582911250,768557744,pacmod,1.98,True,
2020/02/28/11:34:10.802466,17357,1582911250,802387849,pacmod,2,True,
2020/02/28/11:34:10.835462,17358,1582911250,835307806,pacmod,2.03,True,
2020/02/28/11:34:10.869263,17359,1582911250,869167843,pacmod,2.12,True,
2020/02/28/11:34:10.902776,17360,1582911250,902663009,pacmod,2.13,True,
2020/02/28/11:34:10.936046,17361,1582911250,935970859,pacmod,2.14,True,
2020/02/28/11:34:10.969881,17362,1582911250,969793367,pacmod,2.13,True,
2020/02/28/11:34:11.002473,17363,1582911251,2325681,pacmod,2.21,True,
2020/02/28/11:34:11.036098,17364,1582911251,35966158,pacmod,2.26,True,
2020/02/28/11:34:11.069599,17365,1582911251,69466715,pacmod,2.32,True,
2020/02/28/11:34:11.103780,17366,1582911251,103686533,pacmod,2.37,True,
2020/02/28/11:34:11.136353,17367,1582911251,136279576,pacmod,2.38,True,
2020/02/28/11:34:11.170522,17368,1582911251,170422052,pacmod,2.39,True,
2020/02/28/11:34:11.203408,17369,1582911251,203326203,pacmod,2.39,True,
2020/02/28/11:34:11.236218,17370,1582911251,236100641,pacmod,2.4,True,
2020/02/28/11:34:11.270476,17371,1582911251,270348746,pacmod,2.45,True,
2020/02/28/11:34:11.303854,17372,1582911251,303733661,pacmod,2.48,True,
2020/02/28/11:34:11.337199,17373,1582911251,337084027,pacmod,2.48,True,
2020/02/28/11:34:11.369924,17374,1582911251,369799139,pacmod,2.49,True,
2020/02/28/11:34:11.403261,17375,1582911251,403148708,pacmod,2.56,True,
2020/02/28/11:34:11.436303,17376,1582911251,436220377,pacmod,2.57,True,
2020/02/28/11:34:11.470106,17377,1582911251,469986864,pacmod,2.62,True,
2020/02/28/11:34:11.502921,17378,1582911251,502847304,pacmod,2.64,True,
2020/02/28/11:34:11.537167,17379,1582911251,537083484,pacmod,2.67,True,
2020/02/28/11:34:11.571198,17380,1582911251,571114640,pacmod,2.7,True,
2020/02/28/11:34:11.604373,17381,1582911251,604246661,pacmod,2.72,True,
2020/02/28/11:34:11.636598,17382,1582911251,636523832,pacmod,2.74,True,""""
2020/02/28/11:34:11.737346,17385,1582911251,737207641,pacmod,2.77,True,
2020/02/28/11:34:11.770491,17386,1582911251,770368854,pacmod,2.83,True,
2020/02/28/11:34:11.803761,17387,1582911251,803658570,pacmod,2.87,True,
2020/02/28/11:34:11.837529,17388,1582911251,837439682,pacmod,2.88,True,
2020/02/28/11:34:11.870768,17389,1582911251,870658340,pacmod,2.89,True,
2020/02/28/11:34:11.903350,17390,1582911251,903244490,pacmod,2.97,True,
2020/02/28/11:34:11.936652,17391,1582911251,936557161,pacmod,2.99,True,
2020/02/28/11:34:11.970518,17392,1582911251,970389299,pacmod,3.02,True,
2020/02/28/11:34:12.004289,17393,1582911252,4165664,pacmod,3.04,True,
2020/02/28/11:34:12.037067,17394,1582911252,36990578,pacmod,3.05,True,
2020/02/28/11:34:12.071047,17395,1582911252,70908239,pacmod,3.05,True,
2020/02/28/11:34:12.104142,17396,1582911252,104048655,pacmod,3.13,True,
2020/02/28/11:34:12.137513,17397,1582911252,137423527,pacmod,3.17,True,
2020/02/28/11:34:12.170841,17398,1582911252,170763483,pacmod,3.22,True,
2020/02/28/11:34:12.203712,17399,1582911252,203625159,pacmod,3.2,True,
2020/02/28/11:34:12.237041,17400,1582911252,236967444,pacmod,3.18,True,
2020/02/28/11:34:12.271347,17401,1582911252,271243519,pacmod,3.22,True,
2020/02/28/11:34:12.304088,17402,1582911252,304008825,pacmod,3.31,True,
2020/02/28/11:34:12.337751,17403,1582911252,337634649,pacmod,3.31,True,
2020/02/28/11:34:12.370803,17404,1582911252,370670156,pacmod,3.31,True,
2020/02/28/11:34:12.404404,17405,1582911252,404321561,pacmod,3.26,True,
2020/02/28/11:34:12.438599,17406,1582911252,438419129,pacmod,3.27,True,
2020/02/28/11:34:12.471189,17407,1582911252,471073533,pacmod,3.34,True,
2020/02/28/11:34:12.504805,17408,1582911252,504709524,pacmod,3.38,True,
2020/02/28/11:34:12.538295,17409,1582911252,538200245,pacmod,3.39,True,
2020/02/28/11:34:12.571499,17410,1582911252,571397867,pacmod,3.38,True,
2020/02/28/11:34:12.604212,17411,1582911252,604088080,pacmod,3.38,True,
2020/02/28/11:34:12.638099,17412,1582911252,637983427,pacmod,3.41,True,
2020/02/28/11:34:12.671723,17413,1582911252,671610163,pacmod,3.49,True,
2020/02/28/11:34:12.704673,17414,1582911252,704585721,pacmod,3.51,True,
2020/02/28/11:34:12.738677,17415,1582911252,738586863,pacmod,3.48,True,
2020/02/28/11:34:12.771111,17416,1582911252,770984273,pacmod,3.44,True,
2020/02/28/11:34:12.805079,17417,1582911252,804978084,pacmod,3.47,True,
2020/02/28/11:34:12.838091,17418,1582911252,837990098,pacmod,3.49,True,
2020/02/28/11:34:12.871037,17419,1582911252,870951529,pacmod,3.56,True,
2020/02/28/11:34:12.904804,17420,1582911252,904711930,pacmod,3.59,True,
2020/02/28/11:34:12.937720,17421,1582911252,937618337,pacmod,3.58,True,
2020/02/28/11:34:12.971312,17422,1582911252,971197553,pacmod,3.58,True,
2020/02/28/11:34:13.005505,17423,1582911253,5419821,pacmod,3.61,True,
2020/02/28/11:34:13.038895,17424,1582911253,38789626,pacmod,3.63,True,
2020/02/28/11:34:13.072622,17425,1582911253,72517555,pacmod,3.71,True,
2020/02/28/11:34:13.105633,17426,1582911253,105549828,pacmod,3.75,True,
2020/02/28/11:34:13.138553,17427,1582911253,138429784,pacmod,3.74,True,
2020/02/28/11:34:13.172204,17428,1582911253,172107342,pacmod,3.69,True,
2020/02/28/11:34:13.205534,17429,1582911253,205422547,pacmod,3.64,True,
2020/02/28/11:34:13.238847,17430,1582911253,238718544,pacmod,3.71,True,
2020/02/28/11:34:13.271510,17431,1582911253,271436685,pacmod,3.8,True,
2020/02/28/11:34:13.305730,17432,1582911253,305658879,pacmod,3.91,True,
2020/02/28/11:34:13.339619,17433,1582911253,339536433,pacmod,3.91,True,
2020/02/28/11:34:13.372918,17434,1582911253,372832214,pacmod,3.87,True,
2020/02/28/11:34:13.405961,17435,1582911253,405857670,pacmod,3.79,True,
2020/02/28/11:34:13.439327,17436,1582911253,439206905,pacmod,3.77,True,
2020/02/28/11:34:13.472355,17437,1582911253,472271393,pacmod,3.78,True,
2020/02/28/11:34:13.506227,17438,1582911253,506131011,pacmod,3.8,True,
2020/02/28/11:34:13.539514,17439,1582911253,539408673,pacmod,3.78,True,
2020/02/28/11:34:13.572380,17440,1582911253,572293650,pacmod,3.81,True,
2020/02/28/11:34:13.605642,17441,1582911253,605512591,pacmod,3.83,True,
2020/02/28/11:34:13.639342,17442,1582911253,639234792,pacmod,3.85,True,
2020/02/28/11:34:13.673641,17443,1582911253,673555371,pacmod,3.83,True,
2020/02/28/11:34:13.706141,17444,1582911253,706026215,pacmod,3.82,True,
2020/02/28/11:34:13.740137,17445,1582911253,740057500,pacmod,3.86,True,
2020/02/28/11:34:13.773480,17446,1582911253,773343535,pacmod,3.9,True,
2020/02/28/11:34:13.806814,17447,1582911253,806723720,pacmod,3.97,True,
2020/02/28/11:34:13.839953,17448,1582911253,839856761,pacmod,3.94,True,
2020/02/28/11:34:13.873076,17449,1582911253,872990549,pacmod,3.9,True,
2020/02/28/11:34:13.906894,17450,1582911253,906773781,pacmod,3.84,True,
2020/02/28/11:34:13.940390,17451,1582911253,940277740,pacmod,3.83,True,
2020/02/28/11:34:13.973492,17452,1582911253,973406592,pacmod,3.88,True,
2020/02/28/11:34:14.006538,17453,1582911254,6395675,pacmod,3.91,True,
2020/02/28/11:34:14.039469,17454,1582911254,39379157,pacmod,3.93,True,
2020/02/28/11:34:14.073318,17455,1582911254,73225884,pacmod,3.89,True,
2020/02/28/11:34:14.106357,17456,1582911254,106271986,pacmod,3.86,True,
2020/02/28/11:34:14.139733,17457,1582911254,139604315,pacmod,3.93,True,
2020/02/28/11:34:14.173638,17458,1582911254,173559123,pacmod,4.02,True,
2020/02/28/11:34:14.206992,17459,1582911254,206903556,pacmod,4.09,True,
2020/02/28/11:34:14.240400,17460,1582911254,240310910,pacmod,4.06,True,
2020/02/28/11:34:14.273410,17461,1582911254,273285996,pacmod,4,True,
2020/02/28/11:34:14.307082,17462,1582911254,307001134,pacmod,3.86,True,
2020/02/28/11:34:14.339929,17463,1582911254,339837847,pacmod,3.86,True,
2020/02/28/11:34:14.373314,17464,1582911254,373208414,pacmod,3.92,True,
2020/02/28/11:34:14.407560,17465,1582911254,407458836,pacmod,3.97,True,
2020/02/28/11:34:14.440696,17466,1582911254,440562418,pacmod,3.93,True,
2020/02/28/11:34:14.473490,17467,1582911254,473339515,pacmod,3.93,True,
2020/02/28/11:34:14.506527,17468,1582911254,506428553,pacmod,3.88,True,
2020/02/28/11:34:14.540392,17469,1582911254,540303736,pacmod,3.94,True,
2020/02/28/11:34:14.574253,17470,1582911254,574160935,pacmod,4,True,
2020/02/28/11:34:14.608044,17471,1582911254,607926848,pacmod,4.04,True,
,,,,,,,
2020/02/28/11:34:14.640018,17472,1582911254,639915065,pacmod,4.01,True,
2020/02/28/11:34:14.673960,17473,1582911254,673859877,pacmod,4,True,
2020/02/28/11:34:14.707226,17474,1582911254,707129780,pacmod,4.02,True,
2020/02/28/11:34:14.740364,17475,1582911254,740237676,pacmod,4.05,True,
2020/02/28/11:34:14.773337,17476,1582911254,773247597,pacmod,4.08,True,
2020/02/28/11:34:14.807307,17477,1582911254,807220326,pacmod,4.07,True,
2020/02/28/11:34:14.840321,17478,1582911254,840248779,pacmod,4.02,True,
2020/02/28/11:34:14.873625,17479,1582911254,873535989,pacmod,4.02,True,
2020/02/28/11:34:14.907078,17480,1582911254,906991078,pacmod,4.02,True,
2020/02/28/11:34:14.941069,17481,1582911254,940940174,pacmod,4.07,True,
2020/02/28/11:34:14.974014,17482,1582911254,973934790,pacmod,4.1,True,
2020/02/28/11:34:15.007113,17483,1582911255,7034393,pacmod,4.08,True,
2020/02/28/11:34:15.041040,17484,1582911255,40906020,pacmod,4.07,True,
2020/02/28/11:34:15.074529,17485,1582911255,74443779,pacmod,4.04,True,
,,,,,,,
2020/02/28/11:34:15.107529,17486,1582911255,107447932,pacmod,4.07,True,
2020/02/28/11:34:15.140793,17487,1582911255,140695890,pacmod,4.12,True,
2020/02/28/11:34:15.174784,17488,1582911255,174662856,pacmod,4.16,True,
2020/02/28/11:34:15.208080,17489,1582911255,208000274,pacmod,4.1,True,
2020/02/28/11:34:15.240976,17490,1582911255,240885223,pacmod,4.08,True,
2020/02/28/11:34:15.274275,17491,1582911255,274193807,pacmod,4.11,True,
2020/02/28/11:34:15.307558,17492,1582911255,307473072,pacmod,4.15,True,
2020/02/28/11:34:15.341534,17493,1582911255,341449785,pacmod,4.17,True,
2020/02/28/11:34:15.374105,17494,1582911255,374022963,pacmod,4.13,True,
2020/02/28/11:34:15.408245,17495,1582911255,408151576,pacmod,4.12,True,
2020/02/28/11:34:15.441393,17496,1582911255,441293059,pacmod,4.15,True,
2020/02/28/11:34:15.475294,17497,1582911255,475202651,pacmod,4.18,True,
2020/02/28/11:34:15.508491,17498,1582911255,508394193,pacmod,4.2,True,
2020/02/28/11:34:15.541953,17499,1582911255,541854527,pacmod,4.14,True,
2020/02/28/11:34:15.574632,17500,1582911255,574547134,pacmod,4.12,True,
2020/02/28/11:34:15.608163,17501,1582911255,608078054,pacmod,4.14,True,
2020/02/28/11:34:15.642519,17502,1582911255,642400575,pacmod,4.2,True,
2020/02/28/11:34:15.675207,17503,1582911255,675086906,pacmod,4.23,True,
2020/02/28/11:34:15.708591,17504,1582911255,708509139,pacmod,4.2,True,
2020/02/28/11:34:15.741584,17505,1582911255,741502779,pacmod,4.15,True,
2020/02/28/11:34:15.775177,17506,1582911255,775099563,pacmod,4.13,True,
2020/02/28/11:34:15.808393,17507,1582911255,808311417,pacmod,4.13,True,
2020/02/28/11:34:15.842631,17508,1582911255,842553204,pacmod,4.18,True,
2020/02/28/11:34:15.875808,17509,1582911255,875729134,pacmod,4.17,True,
2020/02/28/11:34:15.908760,17510,1582911255,908663484,pacmod,4.19,True,
2020/02/28/11:34:15.942256,17511,1582911255,942174536,pacmod,4.18,True,
2020/02/28/11:34:15.976083,17512,1582911255,976003258,pacmod,4.17,True,
2020/02/28/11:34:16.009135,17513,1582911256,8998214,pacmod,4.17,True,
2020/02/28/11:34:16.042802,17514,1582911256,42673524,pacmod,4.13,True,
2020/02/28/11:34:16.075958,17515,1582911256,75879211,pacmod,4.11,True,
2020/02/28/11:34:16.110001,17516,1582911256,109926113,pacmod,4.08,True,
2020/02/28/11:34:16.142671,17517,1582911256,142599583,pacmod,4.08,True,
2020/02/28/11:34:16.177489,17518,1582911256,177372762,pacmod,4.05,True,
2020/02/28/11:34:16.209563,17519,1582911256,209484651,pacmod,4.03,True,
2020/02/28/11:34:16.242630,17520,1582911256,242549193,pacmod,4,True,
2020/02/28/11:34:16.276507,17521,1582911256,276423478,pacmod,3.99,True,
2020/02/28/11:34:16.309251,17522,1582911256,309094850,pacmod,4.06,True,
2020/02/28/11:34:16.342885,17523,1582911256,342793787,pacmod,4.18,True,
2020/02/28/11:34:16.376347,17524,1582911256,376262585,pacmod,4.23,True,
2020/02/28/11:34:16.409147,17525,1582911256,409052474,pacmod,4.27,True,
2020/02/28/11:34:16.443094,17526,1582911256,443009881,pacmod,4.21,True,
2020/02/28/11:34:16.476156,17527,1582911256,476085155,pacmod,4.18,True,
2020/02/28/11:34:16.509541,17528,1582911256,509467681,pacmod,4.19,True,
2020/02/28/11:34:16.543307,17529,1582911256,543224595,pacmod,4.14,True,
2020/02/28/11:34:16.575875,17530,1582911256,575792706,pacmod,4.13,True,
2020/02/28/11:34:16.610064,17531,1582911256,609943166,pacmod,4.11,True,
2020/02/28/11:34:16.642770,17532,1582911256,642673113,pacmod,4.07,True,
2020/02/28/11:34:16.675814,17533,1582911256,675735949,pacmod,4.06,True,
2020/02/28/11:34:16.710077,17534,1582911256,709963537,pacmod,4.04,True,
,,,,,,,
2020/02/28/11:34:16.742924,17535,1582911256,742780458,pacmod,4.02,True,
2020/02/28/11:34:16.776179,17536,1582911256,776064744,pacmod,4.04,True,
,,,,,,,
2020/02/28/11:34:16.809469,17537,1582911256,809393802,pacmod,4.01,True,
2020/02/28/11:34:16.843196,17538,1582911256,843119959,pacmod,4.1,True,
2020/02/28/11:34:16.876277,17539,1582911256,876180436,pacmod,4.14,True,
2020/02/28/11:34:16.909686,17540,1582911256,909600741,pacmod,4.17,True,
2020/02/28/11:34:16.943359,17541,1582911256,943204558,pacmod,4.14,True,
2020/02/28/11:34:16.976736,17542,1582911256,976656473,pacmod,4.14,True,
2020/02/28/11:34:17.010087,17543,1582911257,9993614,pacmod,4.11,True,
2020/02/28/11:34:17.043871,17544,1582911257,43711078,pacmod,4.09,True,
2020/02/28/11:34:17.077159,17545,1582911257,77073624,pacmod,4.07,True,
2020/02/28/11:34:17.110799,17546,1582911257,110685614,pacmod,4.06,True,
2020/02/28/11:34:17.143858,17547,1582911257,143778368,pacmod,4.03,True,
2020/02/28/11:34:17.178577,17548,1582911257,178463769,pacmod,4.01,True,
2020/02/28/11:34:17.211132,17549,1582911257,211043852,pacmod,4.02,True,
2020/02/28/11:34:17.244152,17550,1582911257,244065684,pacmod,4.05,True,
2020/02/28/11:34:17.278112,17551,1582911257,278030883,pacmod,4.1,True,
2020/02/28/11:34:17.311609,17552,1582911257,311520478,pacmod,4.16,True,
2020/02/28/11:34:17.343923,17553,1582911257,343816743,pacmod,4.15,True,
2020/02/28/11:34:17.378743,17554,1582911257,378655837,pacmod,4.14,True,
2020/02/28/11:34:17.411035,17555,1582911257,410870735,pacmod,4.13,True,
2020/02/28/11:34:17.444858,17556,1582911257,444774695,pacmod,4.09,True,
2020/02/28/11:34:17.477579,17557,1582911257,477495667,pacmod,4.08,True,
2020/02/28/11:34:17.511319,17558,1582911257,511234926,pacmod,4.06,True,
2020/02/28/11:34:17.544852,17559,1582911257,544739048,pacmod,4.03,True,
2020/02/28/11:34:17.578395,17560,1582911257,578279365,pacmod,4.02,True,
2020/02/28/11:34:17.611511,17561,1582911257,611431390,pacmod,4,True,
2020/02/28/11:34:17.645701,17562,1582911257,645582818,pacmod,3.96,True,
2020/02/28/11:34:17.679297,17563,1582911257,679200229,pacmod,3.96,True,
2020/02/28/11:34:17.711466,17564,1582911257,711373662,pacmod,3.93,True,
2020/02/28/11:34:17.745706,17565,1582911257,745580626,pacmod,3.95,True,
2020/02/28/11:34:17.778426,17566,1582911257,778315961,pacmod,3.98,True,
2020/02/28/11:34:17.811700,17567,1582911257,811598745,pacmod,4.05,True,
2020/02/28/11:34:17.845054,17568,1582911257,844955716,pacmod,4.07,True,
2020/02/28/11:34:17.878837,17569,1582911257,878760399,pacmod,4.06,True,
2020/02/28/11:34:17.912673,17570,1582911257,912566884,pacmod,4.05,True,
2020/02/28/11:34:17.945378,17571,1582911257,945290182,pacmod,4.03,True,
2020/02/28/11:34:17.978944,17572,1582911257,978855740,pacmod,4.02,True,
2020/02/28/11:34:18.012561,17573,1582911258,12468947,pacmod,3.99,True,
2020/02/28/11:34:18.045015,17574,1582911258,44929395,pacmod,3.93,True,
2020/02/28/11:34:18.078907,17575,1582911258,78815246,pacmod,3.86,True,
2020/02/28/11:34:18.112078,17576,1582911258,111979514,pacmod,3.83,True,
2020/02/28/11:34:18.145429,17577,1582911258,145346134,pacmod,3.74,True,
2020/02/28/11:34:18.178965,17578,1582911258,178834279,pacmod,3.69,True,
2020/02/28/11:34:18.212013,17579,1582911258,211929493,pacmod,3.78,True,
2020/02/28/11:34:18.246027,17580,1582911258,245941218,pacmod,3.99,True,
2020/02/28/11:34:18.279028,17581,1582911258,278890033,pacmod,3.98,True,
2020/02/28/11:34:18.312494,17582,1582911258,312414139,pacmod,3.94,True,
2020/02/28/11:34:18.345320,17583,1582911258,345223524,pacmod,3.73,True,
2020/02/28/11:34:18.378899,17584,1582911258,378817867,pacmod,3.62,True,
2020/02/28/11:34:18.412240,17585,1582911258,412082491,pacmod,3.59,True,
2020/02/28/11:34:18.446040,17586,1582911258,445950801,pacmod,3.75,True,
2020/02/28/11:34:18.478665,17587,1582911258,478507886,pacmod,3.84,True,
2020/02/28/11:34:18.512397,17588,1582911258,512260519,pacmod,3.81,True,
2020/02/28/11:34:18.546138,17589,1582911258,546015965,pacmod,3.64,True,
2020/02/28/11:34:18.578919,17590,1582911258,578822422,pacmod,3.5,True,
2020/02/28/11:34:18.611753,17591,1582911258,611658706,pacmod,3.51,True,
2020/02/28/11:34:18.645887,17592,1582911258,645768901,pacmod,3.64,True,
2020/02/28/11:34:18.679417,17593,1582911258,679332864,pacmod,3.67,True,
2020/02/28/11:34:18.712136,17594,1582911258,712024884,pacmod,3.64,True,
2020/02/28/11:34:18.745337,17595,1582911258,745229736,pacmod,3.46,True,
2020/02/28/11:34:18.778552,17596,1582911258,778479292,pacmod,3.38,True,
2020/02/28/11:34:18.812082,17597,1582911258,811985195,pacmod,3.41,True,
2020/02/28/11:34:18.846210,17598,1582911258,846117651,pacmod,3.52,True,
2020/02/28/11:34:18.878860,17599,1582911258,878777793,pacmod,3.52,True,
2020/02/28/11:34:18.912249,17600,1582911258,912159101,pacmod,3.47,True,
2020/02/28/11:34:18.945185,17601,1582911258,945085052,pacmod,3.34,True,
2020/02/28/11:34:18.978527,17602,1582911258,978439753,pacmod,3.22,True,
2020/02/28/11:34:19.012158,17603,1582911259,12066718,pacmod,3.26,True,
2020/02/28/11:34:19.046458,17604,1582911259,46357452,pacmod,3.35,True,
2020/02/28/11:34:19.078902,17605,1582911259,78818547,pacmod,3.38,True,
2020/02/28/11:34:19.113105,17606,1582911259,113017055,pacmod,3.35,True,
2020/02/28/11:34:19.146459,17607,1582911259,146382515,pacmod,3.24,True,
2020/02/28/11:34:19.178922,17608,1582911259,178828876,pacmod,3.13,True,
2020/02/28/11:34:19.212603,17609,1582911259,212478499,pacmod,3.12,True,
2020/02/28/11:34:19.245622,17610,1582911259,245532232,pacmod,3.19,True,
2020/02/28/11:34:19.278851,17611,1582911259,278756251,pacmod,3.18,True,
2020/02/28/11:34:19.312812,17612,1582911259,312666286,pacmod,3.17,True,
2020/02/28/11:34:19.345486,17613,1582911259,345367305,pacmod,3.06,True,
2020/02/28/11:34:19.379350,17614,1582911259,379226156,pacmod,3.01,True,
2020/02/28/11:34:19.412114,17615,1582911259,412039402,pacmod,2.99,True,
2020/02/28/11:34:19.445468,17616,1582911259,445388320,pacmod,2.96,True,
2020/02/28/11:34:19.479420,17617,1582911259,479334554,pacmod,2.97,True,
2020/02/28/11:34:19.512737,17618,1582911259,512622218,pacmod,2.98,True,
2020/02/28/11:34:19.545520,17619,1582911259,545417391,pacmod,2.95,True,
2020/02/28/11:34:19.578969,17620,1582911259,578874798,pacmod,2.88,True,
2020/02/28/11:34:19.613207,17621,1582911259,613068029,pacmod,2.85,True,
2020/02/28/11:34:19.646197,17622,1582911259,646089783,pacmod,2.76,True,
2020/02/28/11:34:19.679327,17623,1582911259,679251704,pacmod,2.75,True,
2020/02/28/11:34:19.713058,17624,1582911259,712974638,pacmod,2.75,True,
2020/02/28/11:34:19.745752,17625,1582911259,745626396,pacmod,2.75,True,
2020/02/28/11:34:19.779493,17626,1582911259,779391981,pacmod,2.7,True,
2020/02/28/11:34:19.813785,17627,1582911259,813700014,pacmod,2.67,True,
2020/02/28/11:34:19.846289,17628,1582911259,846201852,pacmod,2.66,True,
2020/02/28/11:34:19.880334,17629,1582911259,880255926,pacmod,2.64,True,
2020/02/28/11:34:19.913593,17630,1582911259,913514720,pacmod,2.61,True,
2020/02/28/11:34:19.946346,17631,1582911259,946220456,pacmod,2.57,True,
2020/02/28/11:34:19.980013,17632,1582911259,979897197,pacmod,2.51,True,
2020/02/28/11:34:20.013866,17633,1582911260,13753533,pacmod,2.49,True,
2020/02/28/11:34:20.047081,17634,1582911260,46982151,pacmod,2.47,True,
2020/02/28/11:34:20.080042,17635,1582911260,79923007,pacmod,2.46,True,
2020/02/28/11:34:20.113453,17636,1582911260,113340157,pacmod,2.44,True,
2020/02/28/11:34:20.147090,17637,1582911260,146999517,pacmod,2.36,True,
2020/02/28/11:34:20.180045,17638,1582911260,179970597,pacmod,2.32,True,
2020/02/28/11:34:20.213874,17639,1582911260,213784667,pacmod,2.32,True,
2020/02/28/11:34:20.246727,17640,1582911260,246611187,pacmod,2.36,True,
2020/02/28/11:34:20.280224,17641,1582911260,280130218,pacmod,2.58,True,
2020/02/28/11:34:20.313720,17642,1582911260,313603572,pacmod,2.58,True,
2020/02/28/11:34:20.347519,17643,1582911260,347433634,pacmod,2.48,True,
2020/02/28/11:34:20.379967,17644,1582911260,379876784,pacmod,2.42,True,
2020/02/28/11:34:20.414124,17645,1582911260,414040609,pacmod,2.39,True,
2020/02/28/11:34:20.447690,17646,1582911260,447539277,pacmod,2.36,True,
2020/02/28/11:34:20.480975,17647,1582911260,480891595,pacmod,2.32,True,
2020/02/28/11:34:20.514574,17648,1582911260,514452131,pacmod,2.3,True,
2020/02/28/11:34:20.547419,17649,1582911260,547339591,pacmod,2.27,True,
2020/02/28/11:34:20.581639,17650,1582911260,581503770,pacmod,2.23,True,
2020/02/28/11:34:20.614835,17651,1582911260,614747354,pacmod,2.22,True,
2020/02/28/11:34:20.648596,17652,1582911260,648504144,pacmod,2.2,True,
2020/02/28/11:34:20.682307,17653,1582911260,682178466,pacmod,2.17,True,
2020/02/28/11:34:20.715376,17654,1582911260,715247058,pacmod,2.17,True,
2020/02/28/11:34:20.748114,17655,1582911260,748036278,pacmod,2.14,True,
2020/02/28/11:34:20.781833,17656,1582911260,781735312,pacmod,2.13,True,
2020/02/28/11:34:20.814831,17657,1582911260,814739528,pacmod,2.13,True,
2020/02/28/11:34:20.847820,17658,1582911260,847695330,pacmod,2.11,True,
2020/02/28/11:34:20.881589,17659,1582911260,881503088,pacmod,2.14,True,
2020/02/28/11:34:20.914979,17660,1582911260,914862812,pacmod,2.2,True,
2020/02/28/11:34:20.947819,17661,1582911260,947724819,pacmod,2.31,True,
2020/02/28/11:34:20.981820,17662,1582911260,981732882,pacmod,2.33,True,
2020/02/28/11:34:21.015610,17663,1582911261,15499301,pacmod,2.33,True,
2020/02/28/11:34:21.048411,17664,1582911261,48300710,pacmod,2.3,True,
2020/02/28/11:34:21.082186,17665,1582911261,82078037,pacmod,2.3,True,
2020/02/28/11:34:21.115427,17666,1582911261,115322994,pacmod,2.28,True,
2020/02/28/11:34:21.149421,17667,1582911261,149294623,pacmod,2.27,True,
2020/02/28/11:34:21.182245,17668,1582911261,182148824,pacmod,2.25,True,
2020/02/28/11:34:21.216502,17669,1582911261,216392003,pacmod,2.24,True,
2020/02/28/11:34:21.249712,17670,1582911261,249618622,pacmod,2.23,True,
2020/02/28/11:34:21.282946,17671,1582911261,282839681,pacmod,2.2,True,
2020/02/28/11:34:21.316332,17672,1582911261,316205178,pacmod,2.19,True,
2020/02/28/11:34:21.349774,17673,1582911261,349648007,pacmod,2.17,True,
2020/02/28/11:34:21.383477,17674,1582911261,383401310,pacmod,2.15,True,
2020/02/28/11:34:21.416191,17675,1582911261,416097170,pacmod,2.14,True,
2020/02/28/11:34:21.450558,17676,1582911261,450408080,pacmod,2.13,True,
2020/02/28/11:34:21.483576,17677,1582911261,483446918,pacmod,2.11,True,
2020/02/28/11:34:21.516754,17678,1582911261,516677988,pacmod,2.11,True,
2020/02/28/11:34:21.550155,17679,1582911261,550055729,pacmod,2.1,True,
2020/02/28/11:34:21.583773,17680,1582911261,583658960,pacmod,2.1,True,
2020/02/28/11:34:21.616515,17681,1582911261,616433926,pacmod,2.11,True,
2020/02/28/11:34:21.650301,17682,1582911261,650197567,pacmod,2.14,True,
2020/02/28/11:34:21.683156,17683,1582911261,683034086,pacmod,2.16,True,
2020/02/28/11:34:21.717343,17684,1582911261,717241141,pacmod,2.15,True,
2020/02/28/11:34:21.749913,17685,1582911261,749781592,pacmod,2.13,True,
2020/02/28/11:34:21.783740,17686,1582911261,783640545,pacmod,2.12,True,
2020/02/28/11:34:21.816650,17687,1582911261,816533454,pacmod,2.1,True,
2020/02/28/11:34:21.850042,17688,1582911261,849953780,pacmod,2.1,True,
2020/02/28/11:34:21.883718,17689,1582911261,883607929,pacmod,2.06,True,
2020/02/28/11:34:21.916578,17690,1582911261,916503482,pacmod,2.04,True,
2020/02/28/11:34:21.950012,17691,1582911261,949912937,pacmod,1.98,True,
2020/02/28/11:34:21.984479,17692,1582911261,984362904,pacmod,1.91,True,
2020/02/28/11:34:22.017033,17693,1582911262,16929048,pacmod,1.87,True,
2020/02/28/11:34:22.051027,17694,1582911262,50936489,pacmod,1.76,True,
2020/02/28/11:34:22.083903,17695,1582911262,83785293,pacmod,1.77,True,
2020/02/28/11:34:22.117749,17696,1582911262,117665386,pacmod,1.86,True,
2020/02/28/11:34:22.150510,17697,1582911262,150392898,pacmod,2.03,True,
2020/02/28/11:34:22.184481,17698,1582911262,184400115,pacmod,2.01,True,
2020/02/28/11:34:22.217799,17699,1582911262,217682343,pacmod,1.93,True,
2020/02/28/11:34:22.249921,17700,1582911262,249835726,pacmod,1.77,True,
2020/02/28/11:34:22.283540,17701,1582911262,283460957,pacmod,1.66,True,
2020/02/28/11:34:22.317584,17702,1582911262,317471911,pacmod,1.69,True,
2020/02/28/11:34:22.350425,17703,1582911262,350285485,pacmod,1.85,True,
2020/02/28/11:34:22.384256,17704,1582911262,384166096,pacmod,1.9,True,
2020/02/28/11:34:22.417157,17705,1582911262,417062152,pacmod,1.85,True,
2020/02/28/11:34:22.450184,17706,1582911262,450082799,pacmod,1.66,True,
2020/02/28/11:34:22.484304,17707,1582911262,484188525,pacmod,1.59,True,
2020/02/28/11:34:22.517160,17708,1582911262,517056136,pacmod,1.62,True,
2020/02/28/11:34:22.550175,17709,1582911262,550091621,pacmod,1.75,True,
2020/02/28/11:34:22.583614,17710,1582911262,583480472,pacmod,1.76,True,
2020/02/28/11:34:22.617422,17711,1582911262,617341559,pacmod,1.69,True,
2020/02/28/11:34:22.651394,17712,1582911262,651297154,pacmod,1.52,True,
2020/02/28/11:34:22.684026,17713,1582911262,683944382,pacmod,1.48,True,
2020/02/28/11:34:22.718020,17714,1582911262,717895825,pacmod,1.6,True,
2020/02/28/11:34:22.751676,17715,1582911262,751578958,pacmod,1.62,True,
2020/02/28/11:34:22.784523,17716,1582911262,784414191,pacmod,1.56,True,
2020/02/28/11:34:22.818497,17717,1582911262,818378877,pacmod,1.38,True,
2020/02/28/11:34:22.851000,17718,1582911262,850918232,pacmod,1.33,True,
2020/02/28/11:34:22.885164,17719,1582911262,885054578,pacmod,1.34,True,
2020/02/28/11:34:22.917981,17720,1582911262,917906004,pacmod,1.42,True,
2020/02/28/11:34:22.951179,17721,1582911262,951097908,pacmod,1.42,True,
2020/02/28/11:34:22.984945,17722,1582911262,984853115,pacmod,1.33,True,
2020/02/28/11:34:23.018251,17723,1582911263,18096133,pacmod,1.18,True,
2020/02/28/11:34:23.051300,17724,1582911263,51185905,pacmod,1.14,True,
2020/02/28/11:34:23.084335,17725,1582911263,84237054,pacmod,1.16,True,
2020/02/28/11:34:23.117802,17726,1582911263,117716132,pacmod,1.2,True,
2020/02/28/11:34:23.151195,17727,1582911263,151113176,pacmod,1.22,True,
2020/02/28/11:34:23.185534,17728,1582911263,185395723,pacmod,1.12,True,
2020/02/28/11:34:23.218181,17729,1582911263,218091597,pacmod,1,True,
2020/02/28/11:34:23.251565,17730,1582911263,251463744,pacmod,0.97,True,
2020/02/28/11:34:23.285870,17731,1582911263,285759334,pacmod,1,True,
2020/02/28/11:34:23.319069,17732,1582911263,318966362,pacmod,1.03,True,
2020/02/28/11:34:23.352183,17733,1582911263,352081464,pacmod,1.01,True,
2020/02/28/11:34:23.384886,17734,1582911263,384806584,pacmod,0.89,True,
2020/02/28/11:34:23.419023,17735,1582911263,418921387,pacmod,0.81,True,
2020/02/28/11:34:23.452476,17736,1582911263,452369519,pacmod,0.79,True,
2020/02/28/11:34:23.485283,17737,1582911263,485146333,pacmod,0.81,True,
2020/02/28/11:34:23.519193,17738,1582911263,519042346,pacmod,0.82,True,
2020/02/28/11:34:23.552782,17739,1582911263,552695159,pacmod,0.79,True,
2020/02/28/11:34:23.585272,17740,1582911263,585166112,pacmod,0.71,True,
2020/02/28/11:34:23.619258,17741,1582911263,619179580,pacmod,0.65,True,
2020/02/28/11:34:23.652024,17742,1582911263,651937606,pacmod,0.64,True,
2020/02/28/11:34:23.686193,17743,1582911263,686110051,pacmod,0.66,True,
2020/02/28/11:34:23.720056,17744,1582911263,719918182,pacmod,0.64,True,
2020/02/28/11:34:23.753504,17745,1582911263,753393495,pacmod,0.61,True,
2020/02/28/11:34:23.785810,17746,1582911263,785719630,pacmod,0.53,True,
2020/02/28/11:34:23.819838,17747,1582911263,819747389,pacmod,0.48,True,
2020/02/28/11:34:23.853227,17748,1582911263,853091244,pacmod,0.47,True,
2020/02/28/11:34:23.886122,17749,1582911263,885980028,pacmod,0.48,True,
2020/02/28/11:34:23.919742,17750,1582911263,919641246,pacmod,0.45,True,
2020/02/28/11:34:23.953411,17751,1582911263,953304173,pacmod,0.42,True,
2020/02/28/11:34:23.986275,17752,1582911263,986195339,pacmod,0.36,True,
2020/02/28/11:34:24.019904,17753,1582911264,19821047,pacmod,0.34,True,
2020/02/28/11:34:24.052756,17754,1582911264,52671537,pacmod,0.34,True,
2020/02/28/11:34:24.086755,17755,1582911264,86609762,pacmod,0.34,True,
2020/02/28/11:34:24.119431,17756,1582911264,119357596,pacmod,0.31,True,
2020/02/28/11:34:24.153371,17757,1582911264,153293195,pacmod,0.28,True,
2020/02/28/11:34:24.186125,17758,1582911264,186036437,pacmod,0.24,True,
2020/02/28/11:34:24.219393,17759,1582911264,219297584,pacmod,0.23,True,
2020/02/28/11:34:24.253538,17760,1582911264,253417860,pacmod,0.23,True,
2020/02/28/11:34:24.286536,17761,1582911264,286375308,pacmod,0.23,True,
2020/02/28/11:34:24.319478,17762,1582911264,319396432,pacmod,0.21,True,
2020/02/28/11:34:24.353415,17763,1582911264,353329153,pacmod,0.19,True,
2020/02/28/11:34:24.386300,17764,1582911264,386196873,pacmod,0.16,True,
2020/02/28/11:34:24.420125,17765,1582911264,420021178,pacmod,0.14,True,
2020/02/28/11:34:24.453801,17766,1582911264,453716907,pacmod,0.13,True,
2020/02/28/11:34:24.486659,17767,1582911264,486572755,pacmod,0.13,True,
2020/02/28/11:34:24.520094,17768,1582911264,519993488,pacmod,0.12,True,
2020/02/28/11:34:24.553516,17769,1582911264,553414860,pacmod,0.11,True,
2020/02/28/11:34:24.587120,17770,1582911264,587025496,pacmod,0.09,True,
2020/02/28/11:34:24.619984,17771,1582911264,619868292,pacmod,0.06,True,
2020/02/28/11:34:24.653613,17772,1582911264,653452507,pacmod,0.06,True,
2020/02/28/11:34:24.686558,17773,1582911264,686480461,pacmod,0.04,True,
2020/02/28/11:34:24.720438,17774,1582911264,720342064,pacmod,0.04,True,
2020/02/28/11:34:24.753607,17775,1582911264,753526235,pacmod,0.03,True,
2020/02/28/11:34:24.787301,17776,1582911264,787230103,pacmod,0.02,True,
2020/02/28/11:34:24.820243,17777,1582911264,820135630,pacmod,0.01,True,
2020/02/28/11:34:24.853568,17778,1582911264,853478355,pacmod,0.01,True,
2020/02/28/11:34:24.887611,17779,1582911264,887528020,pacmod,0.01,True,
2020/02/28/11:34:24.920695,17780,1582911264,920581929,pacmod,0.01,True,
2020/02/28/11:34:24.953995,17781,1582911264,953886241,pacmod,0.01,True,
2020/02/28/11:34:24.987939,17782,1582911264,987854689,pacmod,0.01,True,
2020/02/28/11:34:25.020578,17783,1582911265,20476822,pacmod,0.01,True,
2020/02/28/11:34:25.053840,17784,1582911265,53760920,pacmod,0.01,True,
2020/02/28/11:34:25.088065,17785,1582911265,87988395,pacmod,0,True,
2020/02/28/11:34:25.120858,17786,1582911265,120763842,pacmod,0,True,
2020/02/28/11:34:25.154779,17787,1582911265,154694049,pacmod,0,True,
2020/02/28/11:34:25.187648,17788,1582911265,187557309,pacmod,0,True,
2020/02/28/11:34:25.221765,17789,1582911265,221653761,pacmod,0,True,
2020/02/28/11:34:25.255133,17790,1582911265,255047443,pacmod,0,True,
2020/02/28/11:34:25.287726,17791,1582911265,287642104,pacmod,0,True,
2020/02/28/11:34:25.321589,17792,1582911265,321496246,pacmod,0,True,
2020/02/28/11:34:25.354419,17793,1582911265,354312774,pacmod,0,True,
2020/02/28/11:34:25.387626,17794,1582911265,387514924,pacmod,0,True,
2020/02/28/11:34:25.421602,17795,1582911265,421471605,pacmod,0,True,
2020/02/28/11:34:25.454321,17796,1582911265,454207218,pacmod,0,True,
2020/02/28/11:34:25.487737,17797,1582911265,487617154,pacmod,0,True,
2020/02/28/11:34:25.521957,17798,1582911265,521819839,pacmod,0,True,
2020/02/28/11:34:25.554693,17799,1582911265,554605490,pacmod,0,True,
2020/02/28/11:34:25.588362,17800,1582911265,588270400,pacmod,0,True,
2020/02/28/11:34:25.621060,17801,1582911265,620948588,pacmod,0,True,
2020/02/28/11:34:25.655249,17802,1582911265,655151693,pacmod,0,True,
2020/02/28/11:34:25.688165,17803,1582911265,688093117,pacmod,0,True,
2020/02/28/11:34:25.721843,17804,1582911265,721748071,pacmod,0,True,
2020/02/28/11:34:25.754469,17805,1582911265,754394611,pacmod,0,True,
2020/02/28/11:34:25.788700,17806,1582911265,788608721,pacmod,0,True,
2020/02/28/11:34:25.821433,17807,1582911265,821350970,pacmod,0,True,
2020/02/28/11:34:25.854762,17808,1582911265,854651692,pacmod,0,True,
2020/02/28/11:34:25.888853,17809,1582911265,888772852,pacmod,0,True,
2020/02/28/11:34:25.922022,17810,1582911265,921943881,pacmod,0,True,
2020/02/28/11:34:25.954838,17811,1582911265,954761034,pacmod,0,True,
2020/02/28/11:34:25.989118,17812,1582911265,989028164,pacmod,0,True,
2020/02/28/11:34:26.021896,17813,1582911266,21783726,pacmod,0,True,
2020/02/28/11:34:26.056223,17814,1582911266,56123825,pacmod,0,True,
2020/02/28/11:34:26.089011,17815,1582911266,88916810,pacmod,0,True,
2020/02/28/11:34:26.122265,17816,1582911266,122153797,pacmod,0,True,
2020/02/28/11:34:26.156477,17817,1582911266,156373603,pacmod,0,True,
2020/02/28/11:34:26.189261,17818,1582911266,189155932,pacmod,0,True,
2020/02/28/11:34:26.222696,17819,1582911266,222569276,pacmod,0,True,
2020/02/28/11:34:26.256739,17820,1582911266,256633142,pacmod,0,True,
2020/02/28/11:34:26.289621,17821,1582911266,289529907,pacmod,0,True,
2020/02/28/11:34:26.323343,17822,1582911266,323263352,pacmod,0,True,
2020/02/28/11:34:26.356891,17823,1582911266,356732629,pacmod,0,True,
2020/02/28/11:34:26.390699,17824,1582911266,390559028,pacmod,0,True,
2020/02/28/11:34:26.423450,17825,1582911266,423352081,pacmod,0,True,
2020/02/28/11:34:26.457679,17826,1582911266,457547608,pacmod,0,True,
2020/02/28/11:34:26.490350,17827,1582911266,490252073,pacmod,0,True,
2020/02/28/11:34:26.524271,17828,1582911266,524164887,pacmod,0,True,
2020/02/28/11:34:26.558060,17829,1582911266,557962810,pacmod,0,True,
2020/02/28/11:34:26.591303,17830,1582911266,591174997,pacmod,0,True,
2020/02/28/11:34:26.624151,17831,1582911266,624060473,pacmod,0,True,
2020/02/28/11:34:26.657568,17832,1582911266,657491571,pacmod,0,True,
2020/02/28/11:34:26.691302,17833,1582911266,691214073,pacmod,0.01,True,
2020/02/28/11:34:26.724109,17834,1582911266,724027088,pacmod,0.01,True,
2020/02/28/11:34:26.758124,17835,1582911266,757988027,pacmod,0.01,True,
2020/02/28/11:34:26.791586,17836,1582911266,791488794,pacmod,0.01,True,
2020/02/28/11:34:26.825735,17837,1582911266,825649810,pacmod,0.01,True,
2020/02/28/11:34:26.857728,17838,1582911266,857648843,pacmod,0.01,True,
2020/02/28/11:34:26.891222,17839,1582911266,891105772,pacmod,0.01,True,
2020/02/28/11:34:26.924323,17840,1582911266,924227698,pacmod,0,True,
2020/02/28/11:34:26.958214,17841,1582911266,958137350,pacmod,0,True,
2020/02/28/11:34:26.991243,17842,1582911266,991160130,pacmod,0,True,
2020/02/28/11:34:27.024451,17843,1582911267,24324365,pacmod,0,True,
2020/02/28/11:34:27.058144,17844,1582911267,58034968,pacmod,0,True,
2020/02/28/11:34:27.092213,17845,1582911267,92047635,pacmod,0,True,
2020/02/28/11:34:27.125052,17846,1582911267,124951291,pacmod,0,True,
2020/02/28/11:34:27.157955,17847,1582911267,157852676,pacmod,0,True,
2020/02/28/11:34:27.191789,17848,1582911267,191662810,pacmod,0,True,
2020/02/28/11:34:27.224803,17849,1582911267,224684790,pacmod,0,True,
2020/02/28/11:34:27.258772,17850,1582911267,258601388,pacmod,0,True,
2020/02/28/11:34:27.291792,17851,1582911267,291663750,pacmod,0,True,
2020/02/28/11:34:27.325562,17852,1582911267,325418597,pacmod,0,True,
2020/02/28/11:34:27.358266,17853,1582911267,358149754,pacmod,0,True,
2020/02/28/11:34:27.392429,17854,1582911267,392299303,pacmod,0,True,
2020/02/28/11:34:27.425659,17855,1582911267,425541310,pacmod,0,True,
2020/02/28/11:34:27.458698,17856,1582911267,458587541,pacmod,0,True,
2020/02/28/11:34:27.492225,17857,1582911267,492114546,pacmod,0,True,
2020/02/28/11:34:27.525232,17858,1582911267,525127923,pacmod,0,True,
2020/02/28/11:34:27.558540,17859,1582911267,558454253,pacmod,0,True,
2020/02/28/11:34:27.592657,17860,1582911267,592571676,pacmod,0,True,
2020/02/28/11:34:27.626420,17861,1582911267,626333975,pacmod,0,True,
2020/02/28/11:34:27.659216,17862,1582911267,659085374,pacmod,0,True,
2020/02/28/11:34:27.692643,17863,1582911267,692551154,pacmod,0,True,
2020/02/28/11:34:27.726290,17864,1582911267,726181339,pacmod,0,True,
2020/02/28/11:34:27.759140,17865,1582911267,759062369,pacmod,0,True,
2020/02/28/11:34:27.792990,17866,1582911267,792891357,pacmod,0,True,
2020/02/28/11:34:27.826294,17867,1582911267,826189726,pacmod,0,True,
2020/02/28/11:34:27.859930,17868,1582911267,859792634,pacmod,0,True,
2020/02/28/11:34:27.892730,17869,1582911267,892633018,pacmod,0,True,
2020/02/28/11:34:27.926658,17870,1582911267,926575268,pacmod,0,True,
2020/02/28/11:34:27.959843,17871,1582911267,959732364,pacmod,0,True,
2020/02/28/11:34:27.992721,17872,1582911267,992638136,pacmod,0,True,
2020/02/28/11:34:28.026567,17873,1582911268,26486524,pacmod,0,True,
2020/02/28/11:34:28.060205,17874,1582911268,60065558,pacmod,0,True,
2020/02/28/11:34:28.093341,17875,1582911268,93202837,pacmod,0,True,
2020/02/28/11:34:28.126914,17876,1582911268,126835186,pacmod,0,True,
2020/02/28/11:34:28.159696,17877,1582911268,159572335,pacmod,0,True,
2020/02/28/11:34:28.193510,17878,1582911268,193422961,pacmod,0,True,
2020/02/28/11:34:28.226393,17879,1582911268,226269022,pacmod,0,True,
2020/02/28/11:34:28.260457,17880,1582911268,260384683,pacmod,0,True,
2020/02/28/11:34:28.293350,17881,1582911268,293242230,pacmod,0,True,
2020/02/28/11:34:28.327215,17882,1582911268,327140459,pacmod,0,True,
2020/02/28/11:34:28.361430,17883,1582911268,361312075,pacmod,0,True,
2020/02/28/11:34:28.395058,17884,1582911268,394978334,pacmod,0,True,
2020/02/28/11:34:28.427456,17885,1582911268,427349051,pacmod,0,True,
2020/02/28/11:34:28.461302,17886,1582911268,461180034,pacmod,0,True,
2020/02/28/11:34:28.493933,17887,1582911268,493808125,pacmod,0,True,
2020/02/28/11:34:28.527595,17888,1582911268,527511035,pacmod,0,True,
2020/02/28/11:34:28.561622,17889,1582911268,561545260,pacmod,0,True,
2020/02/28/11:34:28.595067,17890,1582911268,594917541,pacmod,0,True,
2020/02/28/11:34:28.628119,17891,1582911268,628002148,pacmod,0,True,
2020/02/28/11:34:28.661140,17892,1582911268,661015747,pacmod,0,True,
2020/02/28/11:34:28.694974,17893,1582911268,694893105,pacmod,0,True,
2020/02/28/11:34:28.727822,17894,1582911268,727699878,pacmod,0,True,
2020/02/28/11:34:28.761914,17895,1582911268,761830504,pacmod,0,True,
2020/02/28/11:34:28.794715,17896,1582911268,794625248,pacmod,0,True,
2020/02/28/11:34:28.828746,17897,1582911268,828660449,pacmod,0,True,
2020/02/28/11:34:28.861422,17898,1582911268,861313023,pacmod,0,True,
2020/02/28/11:34:28.895314,17899,1582911268,895189561,pacmod,0,True,
2020/02/28/11:34:28.928275,17900,1582911268,928190654,pacmod,0,True,
2020/02/28/11:34:28.962174,17901,1582911268,962050374,pacmod,0,True,
2020/02/28/11:34:28.995434,17902,1582911268,995320463,pacmod,0,True,
2020/02/28/11:34:29.029074,17903,1582911269,28954982,pacmod,0,True,
2020/02/28/11:34:29.062110,17904,1582911269,62035689,pacmod,0,True,
2020/02/28/11:34:29.094938,17905,1582911269,94849833,pacmod,0,True,
2020/02/28/11:34:29.129025,17906,1582911269,128950622,pacmod,0,True,
2020/02/28/11:34:29.161968,17907,1582911269,161862691,pacmod,0,True,
2020/02/28/11:34:29.195564,17908,1582911269,195472844,pacmod,0,True,
2020/02/28/11:34:29.228537,17909,1582911269,228390322,pacmod,0,True,
2020/02/28/11:34:29.262397,17910,1582911269,262298985,pacmod,0,True,
2020/02/28/11:34:29.295248,17911,1582911269,295158345,pacmod,0,True,
2020/02/28/11:34:29.329162,17912,1582911269,329043394,pacmod,0,True,
