-0.0976141, -0.576924, -9.74932, 3.4246, -0.0771806
-0.122754, -0.543046, -9.75725, 3.42285, -0.0796066
-0.0901224, -0.538692, -9.78183, 3.42553, -0.0788081
-0.0819082, -0.555863, -9.76344, 3.42388, -0.0812512
-0.0648576, -0.581833, -9.78497, 3.42209, -0.0836904
-0.0862897, -0.549905, -9.78064, 3.42129, -0.0848976
-0.0546761, -0.55722, -9.7281, 3.4197, -0.087368
-0.0612312, -0.558156, -9.76938, 3.41805, -0.0898294
-0.0652782, -0.586177, -9.7459, 3.41837, -0.0835858
-0.0524853, -0.579772, -9.75218, 3.41689, -0.0859965
-0.0680374, -0.55602, -9.7788, 3.41538, -0.0883423
-0.0580646, -0.539765, -9.75137, 3.41462, -0.0895109
-0.0724767, -0.542043, -9.72868, 3.41322, -0.0918226
-0.0389919, -0.577562, -9.74939, 3.41182, -0.0942994
-0.0543503, -0.583925, -9.78813, 3.41905, -0.0858837
-0.0198381, -0.589769, -9.75714, 3.41775, -0.088068
-0.0353574, -0.564752, -9.72871, 3.41669, -0.0903223
-0.0435136, -0.539085, -9.72726, 3.41604, -0.091433
-0.0463723, -0.57953, -9.71888, 3.41493, -0.0936526
-0.0287598, -0.584222, -9.81383, 3.41392, -0.0959227
-0.0303919, -0.556978, -9.81105, 3.41878, -0.0869991
-0.0619824, -0.564217, -9.78958, 3.41797, -0.0890107
-0.05989, -0.542768, -9.75145, 3.41722, -0.091089
-0.0463247, -0.545001, -9.73344, 3.4168, -0.0921744
-0.050453, -0.560034, -9.7184, 3.41612, -0.0942504
-0.0510331, -0.589561, -9.77979, 3.41553, -0.0964011
-0.0609659, -0.592593, -9.80608, 3.40392, -0.0737878
-0.0428755, -0.55487, -9.82916, 3.4032, -0.0755448
-0.0355738, -0.530436, -9.74018, 3.40252, -0.0773
-0.0554008, -0.553825, -9.68887, 3.40212, -0.0781353
-0.0610941, -0.530555, -9.74807, 3.40158, -0.0799367
-0.0387373, -0.573768, -9.75395, 3.40108, -0.0817991
-0.058722, -0.574274, -9.79573, 3.4046, -0.075079
-0.0484682, -0.545086, -9.80574, 3.40404, -0.0767544
-0.087512, -0.55338, -9.8192, 3.40371, -0.0784111
-0.11055, -0.555473, -9.74661, 3.40354, -0.0792731
-0.125089, -0.584215, -9.72519, 3.40306, -0.0809554
-0.107592, -0.580181, -9.73183, 3.4026, -0.082551
-0.122183, -0.567721, -9.73149, 3.40744, -0.076693
-0.090147, -0.536204, -9.75252, 3.40714, -0.0782652
-0.0788671, -0.52643, -9.76831, 3.40666, -0.0797968
-0.104107, -0.553951, -9.73074, 3.40647, -0.0805733
-0.09527, -0.565886, -9.77471, 3.40596, -0.0822337
-0.0589055, -0.579379, -9.8086, 3.4054, -0.0838893
-0.0598568, -0.562198, -9.82563, 3.40657, -0.079022
-0.0264019, -0.56063, -9.77066, 3.40614, -0.0805547
-0.0815048, -0.564634, -9.70762, 3.40578, -0.0820605
-0.0879258, -0.555146, -9.70581, 3.40563, -0.0829483
-0.0968895, -0.582775, -9.76981, 3.40527, -0.0844934
-0.0910926, -0.534521, -9.78103, 3.40487, -0.0860075
-0.1067, -0.536803, -9.77702, 3.40701, -0.0849809
-0.0948043, -0.53801, -9.75686, 3.40657, -0.0864647
-0.0936964, -0.56158, -9.7644, 3.40615, -0.0881167
-0.0895136, -0.594177, -9.75567, 3.40598, -0.0889686
-0.0795879, -0.588392, -9.79255, 3.40558, -0.0905411
-0.0603507, -0.579022, -9.7683, 3.40528, -0.0920754
-0.0585662, -0.544967, -9.74478, 3.40691, -0.0860333
-0.0501831, -0.55735, -9.75571, 3.40663, -0.0874568
-0.0664544, -0.548978, -9.77857, 3.40634, -0.088865
-0.0735166, -0.561874, -9.75702, 3.40625, -0.0895474
-0.0687117, -0.54035, -9.76751, 3.40603, -0.0910007
-0.0844089, -0.544486, -9.76665, 3.40577, -0.0924298
-0.0773602, -0.530593, -9.7497, 3.40996, -0.082733
-0.106288, -0.553086, -9.78939, 3.4098, -0.0841252
-0.110665, -0.577759, -9.71298, 3.40964, -0.0854831
-0.113709, -0.548758, -9.70678, 3.4095, -0.0862658
-0.093628, -0.556545, -9.76465, 3.40937, -0.0875071
-0.0815132, -0.558386, -9.75708, 3.40928, -0.0890117
-0.0730956, -0.546012, -9.7269, 3.41662, -0.0807811
-0.0489391, -0.540088, -9.74163, 3.41655, -0.0820315
-0.0682243, -0.569657, -9.75415, 3.41657, -0.0833227
-0.07739, -0.583572, -9.76937, 3.41647, -0.0840077
-0.092738, -0.572, -9.7641, 3.41645, -0.0851863
-0.09328, -0.564828, -9.75382, 3.41635, -0.0864203
-0.0796438, -0.565558, -9.7618, 3.42348, -0.0756292
-0.0796456, -0.560076, -9.75611, 3.4236, -0.0767394
-0.0997137, -0.534618, -9.7251, 3.42365, -0.0778051
-0.0803397, -0.567323, -9.75943, 3.42374, -0.0784015
-0.0893413, -0.545555, -9.75547, 3.42389, -0.0795308
-0.0940188, -0.576738, -9.76578, 3.42383, -0.0806784
-0.106361, -0.562263, -9.82931, 3.4251, -0.0782689
-0.0930847, -0.561446, -9.75531, 3.42522, -0.0793882
-0.0745006, -0.56542, -9.75295, 3.42539, -0.080488
-0.0887876, -0.570447, -9.73459, 3.42543, -0.0810534
-0.0666333, -0.54648, -9.73943, 3.42546, -0.0821276
-0.0842028, -0.554273, -9.74417, 3.42556, -0.083161
-0.0951233, -0.530572, -9.7543, 3.42567, -0.0837391
-0.0947453, -0.58683, -9.75938, 3.42342, -0.0828074
-0.0788667, -0.556056, -9.75855, 3.42345, -0.0838682
-0.0871029, -0.563231, -9.73299, 3.42343, -0.0843998
-0.0989533, -0.555843, -9.7716, 3.42353, -0.0854504
-0.0732003, -0.541915, -9.76051, 3.42368, -0.0865366
-0.0874949, -0.535886, -9.76572, 3.42521, -0.0826114
-0.0567522, -0.535988, -9.75114, 3.42539, -0.0836256
-0.0616162, -0.554814, -9.76383, 3.42548, -0.0846915
-0.0582764, -0.558869, -9.74, 3.42554, -0.0852045
-0.0957868, -0.57551, -9.78687, 3.42575, -0.086307
-0.082875, -0.566874, -9.75416, 3.42588, -0.0873426
-0.0575908, -0.562964, -9.75182, 3.42377, -0.082751
-0.0614707, -0.541323, -9.76216, 3.42397, -0.0836825
-0.10388, -0.570413, -9.74035, 3.42403, -0.0846386
-0.0701845, -0.566356, -9.77078, 3.42408, -0.0851289
-0.0931284, -0.558699, -9.79419, 3.42428, -0.0861069
-0.0845322, -0.53217, -9.74506, 3.42446, -0.0871648
-0.0872013, -0.544333, -9.74811, 3.41817, -0.0759631
-0.0781601, -0.549517, -9.79869, 3.41827, -0.0767854
-0.0730433, -0.541067, -9.76287, 3.41829, -0.0776539
-0.081738, -0.584351, -9.74909, 3.41828, -0.0780897
-0.0709718, -0.541926, -9.74773, 3.41842, -0.0789556
-0.0889704, -0.558327, -9.75933, 3.41842, -0.0797113
-0.0860355, -0.545216, -9.74013, 3.41951, -0.0778086
-0.0688604, -0.58184, -9.76726, 3.41957, -0.0787422
-0.102914, -0.565928, -9.74058, 3.41967, -0.0795792
-0.0773832, -0.558739, -9.74374, 3.41966, -0.0799295
-0.0751542, -0.557171, -9.75693, 3.41973, -0.0807355
-0.0654771, -0.562655, -9.78518, 3.41985, -0.0815801
-0.0953918, -0.548088, -9.77567, 3.41986, -0.0820169
-0.102859, -0.581003, -9.73642, 3.42019, -0.0785755
-0.0826174, -0.553548, -9.73094, 3.42027, -0.0793697
-0.0839141, -0.549011, -9.78347, 3.4202, -0.0797541
-0.0753523, -0.570161, -9.76024, 3.42027, -0.0805102
-0.0836743, -0.564561, -9.78529, 3.42036, -0.0812532
-0.0791147, -0.558233, -9.76315, 3.42189, -0.0782926
-0.0850859, -0.565489, -9.74616, 3.42195, -0.0790829
-0.0795867, -0.575908, -9.77104, 3.42203, -0.0797847
-0.0714697, -0.571463, -9.77617, 3.422, -0.0802276
-0.0938226, -0.554446, -9.77076, 3.42214, -0.0809307
-0.0681736, -0.576102, -9.7353, 3.42221, -0.0816324
-0.0840859, -0.542881, -9.77453, 3.42333, -0.0745881
-0.0913337, -0.565042, -9.76559, 3.42343, -0.0752206
-0.0614371, -0.562021, -9.75978, 3.42353, -0.0758282
-0.0659684, -0.538185, -9.7619, 3.42364, -0.07619
-0.0809778, -0.564517, -9.77188, 3.42377, -0.0768001
-0.096967, -0.534909, -9.78252, 3.42397, -0.0775096
-0.089428, -0.573429, -9.76031, 3.42654, -0.072872
-0.0789558, -0.552755, -9.80671, 3.42677, -0.0734229
-0.0723649, -0.581267, -9.77902, 3.42696, -0.0740466
-0.0728271, -0.580827, -9.74373, 3.4271, -0.0747103
-0.0927298, -0.562998, -9.74923, 3.42722, -0.0749712
-0.0766173, -0.538465, -9.76038, 3.42734, -0.0756281
-0.0932284, -0.585785, -9.74752, 3.43493, -0.0633266
-0.0821673, -0.567745, -9.71111, 3.43521, -0.0638409
-0.0884604, -0.579554, -9.74379, 3.43549, -0.0642627
-0.110448, -0.566292, -9.7396, 3.43557, -0.0645429
-0.0884121, -0.556584, -9.78184, 3.43585, -0.0649819
-0.0695469, -0.546713, -9.7333, 3.43615, -0.0652962
-0.0835875, -0.559236, -9.76003, 3.43626, -0.0655263
-0.0501632, -0.573654, -9.7646, 3.4472, -0.0565264
-0.0627829, -0.536826, -9.78159, 3.44767, -0.0568205
-0.0676209, -0.556177, -9.74589, 3.44788, -0.0569898
-0.0887952, -0.55767, -9.76959, 3.44832, -0.0573137
-0.07168, -0.565852, -9.74128, 3.44878, -0.0576963
-0.0850641, -0.579779, -9.75467, 3.43046, -0.043386
-0.0747534, -0.585047, -9.78586, 3.43068, -0.0436542
-0.0744345, -0.540556, -9.75242, 3.4309, -0.0437521
-0.0946192, -0.56047, -9.77209, 3.43106, -0.0438353
-0.0749694, -0.572486, -9.77229, 3.43124, -0.0439168
-0.0984486, -0.544937, -9.76393, 3.4316, -0.0440952
-0.0842176, -0.565468, -9.75819, 3.43681, -0.040558
-0.0710951, -0.577944, -9.71203, 3.43715, -0.0405792
-0.111908, -0.558093, -9.768, 3.43749, -0.0406676
-0.1016, -0.564295, -9.75887, 3.43781, -0.0406968
-0.0812358, -0.566384, -9.75159, 3.43797, -0.0407191
-0.0842039, -0.569095, -9.75471, 3.43824, -0.0407311
-0.0739209, -0.579841, -9.76814, 3.43119, -0.0444534
-0.0781768, -0.549328, -9.8005, 3.4314, -0.0445427
-0.0615451, -0.545107, -9.7157, 3.43162, -0.0447308
-0.0944093, -0.547231, -9.74432, 3.43193, -0.0448304
-0.0975655, -0.580036, -9.75271, 3.43219, -0.0448873
-0.0969692, -0.575047, -9.78137, 3.43239, -0.0450123
-0.0781642, -0.577547, -9.73668, 3.43047, -0.0451077
-0.0602127, -0.567864, -9.80202, 3.43058, -0.0451839
-0.0704286, -0.560317, -9.77361, 3.43091, -0.0453222
-0.0753364, -0.583635, -9.79504, 3.43111, -0.0454675
-0.0902967, -0.554087, -9.74926, 3.43127, -0.0454953
-0.0734932, -0.561211, -9.78267, 3.43156, -0.0456166
-0.0983143, -0.570533, -9.77255, 3.43283, -0.0448461
-0.0785621, -0.563612, -9.78894, 3.43292, -0.044939
-0.0702186, -0.554272, -9.76203, 3.43319, -0.0450917
-0.108695, -0.576752, -9.73238, 3.43361, -0.0451487
-0.0906106, -0.559574, -9.78505, 3.43373, -0.0452261
-0.0787838, -0.564525, -9.79665, 3.4341, -0.0452751
-0.079748, -0.581673, -9.77624, 3.43328, -0.0369788
-0.0633403, -0.565725, -9.73191, 3.4334, -0.0369787
-0.0645177, -0.573692, -9.76915, 3.43377, -0.0370001
-0.0563632, -0.560941, -9.77465, 3.43404, -0.0370729
-0.0734634, -0.571088, -9.75297, 3.43431, -0.0370952
-0.0625634, -0.55146, -9.76096, 3.43463, -0.0370432
-0.0992202, -0.551469, -9.76125, 3.44129, -0.0245071
-0.100762, -0.576391, -9.77186, 3.44152, -0.0243943
-0.0743921, -0.556506, -9.73612, 3.44195, -0.0243646
-0.0859688, -0.575554, -9.76746, 3.44243, -0.024197
-0.0977946, -0.565352, -9.76523, 3.44265, -0.024172
-0.0935535, -0.566472, -9.74948, 3.44309, -0.0239755
-0.0859381, -0.54933, -9.74891, 3.44084, -0.0300602
-0.0737842, -0.550444, -9.7486, 3.44105, -0.0300404
-0.0808187, -0.538144, -9.75788, 3.44147, -0.029913
-0.0605331, -0.574906, -9.72912, 3.44181, -0.0299519
-0.0758911, -0.552895, -9.7441, 3.44204, -0.0299341
-0.0933496, -0.567654, -9.74425, 3.44245, -0.0298439
-0.0938847, -0.560124, -9.73065, 3.44596, -0.0231078
-0.0889498, -0.574171, -9.75744, 3.44618, -0.0230449
-0.0799902, -0.563374, -9.7917, 3.4466, -0.0229891
-0.0766306, -0.544414, -9.75129, 3.4472, -0.0227767
-0.109852, -0.561158, -9.78029, 3.44739, -0.0227956
-0.0840572, -0.568804, -9.77501, 3.44793, -0.022681
-0.0871433, -0.569503, -9.79931, 3.45171, -0.0194928
-0.0839099, -0.559131, -9.78324, 3.45195, -0.0195117
-0.0870163, -0.522986, -9.74038, 3.4525, -0.0193092
-0.0950392, -0.532245, -9.7248, 3.45308, -0.0192013
-0.0837698, -0.549893, -9.76351, 3.45329, -0.0191496
-0.0586651, -0.554945, -9.80194, 3.45388, -0.0189443
-0.0568232, -0.565553, -9.78601, 3.4556, -0.0154576
-0.0798402, -0.570335, -9.76375, 3.45588, -0.0154165
-0.0807219, -0.574282, -9.77225, 3.45645, -0.0152442
-0.0837109, -0.565444, -9.75583, 3.45706, -0.0150143
-0.0935106, -0.576793, -9.74029, 3.45741, -0.0149031
-0.0868569, -0.572345, -9.7367, 3.45796, -0.0147193
-0.0982612, -0.54381, -9.72532, 3.46202, -0.0118506
-0.0834799, -0.541817, -9.75954, 3.4624, -0.0116876
-0.0747535, -0.553457, -9.75988, 3.46305, -0.0114768
-0.0635404, -0.560689, -9.78994, 3.46371, -0.011324
-0.0816837, -0.56324, -9.80992, 3.46406, -0.0112254
-0.0626399, -0.530759, -9.76267, 3.46478, -0.0109687
-0.0668395, -0.553651, -9.73743, 3.46305, 0.000349127
-0.0842282, -0.569677, -9.74287, 3.46344, 0.000497131
-0.073176, -0.577852, -9.74544, 3.46405, 0.000779921
-0.0757149, -0.566235, -9.7485, 3.46471, 0.00106625
-0.0897914, -0.572588, -9.77441, 3.46497, 0.00130928
-0.0899935, -0.558241, -9.7698, 3.4656, 0.00163507
-0.0905276, -0.566174, -9.74878, 3.47, 0.0245008
-0.0912961, -0.549587, -9.76222, 3.47034, 0.0248437
-0.0704299, -0.548959, -9.76285, 3.47102, 0.0254983
-0.0944792, -0.550081, -9.73401, 3.47178, 0.0262002
-0.0889282, -0.54918, -9.7739, 3.47215, 0.0265059
-0.0655459, -0.557142, -9.75903, 3.47296, 0.0272132
-0.0642742, -0.571305, -9.77401, 3.48057, 0.0302066
-0.0744341, -0.556639, -9.77912, 3.48102, 0.0304664
-0.0703126, -0.569828, -9.76445, 3.48188, 0.0311648
-0.0909958, -0.555987, -9.7581, 3.48263, 0.0318541
-0.088132, -0.568538, -9.73483, 3.48313, 0.0321243
-0.0800574, -0.535604, -9.73587, 3.48395, 0.0328597
-0.0970668, -0.551204, -9.72607, 3.48549, 0.0294955
-0.0936987, -0.571765, -9.76115, 3.48589, 0.029781
-0.08696, -0.547311, -9.74568, 3.48676, 0.0304629
-0.0792307, -0.561846, -9.76452, 3.48759, 0.0309821
-0.0554547, -0.555129, -9.75298, 3.48809, 0.0312995
-0.0769312, -0.55695, -9.74263, 3.48899, 0.0319523
-0.0885395, -0.54102, -9.76331, 3.48852, 0.0403091
-0.0921673, -0.55435, -9.74839, 3.48907, 0.0406868
-0.105477, -0.573672, -9.74738, 3.48989, 0.0413782
-0.076083, -0.557761, -9.76377, 3.49081, 0.0421156
-0.0926788, -0.577595, -9.75263, 3.4913, 0.0424733
-0.086574, -0.568924, -9.7476, 3.49208, 0.0431354
-0.0864047, -0.570867, -9.75863, 3.49839, 0.0485956
-0.102289, -0.563222, -9.74118, 3.49889, 0.048935
-0.0723463, -0.569363, -9.75228, 3.49984, 0.0497755
-0.0848322, -0.569215, -9.77125, 3.50076, 0.0505732
-0.0696282, -0.569919, -9.7943, 3.50126, 0.0508945
-0.06761, -0.534205, -9.78825, 3.50233, 0.0516901
-0.0597125, -0.553454, -9.75999, 3.49224, 0.0481591
-0.078056, -0.564634, -9.79312, 3.49268, 0.0485416
-0.0579755, -0.586483, -9.75082, 3.49351, 0.0492354
-0.0603838, -0.558925, -9.76332, 3.49442, 0.0499643
-0.0834668, -0.554549, -9.75361, 3.49482, 0.050324
-0.0929675, -0.567479, -9.77753, 3.49571, 0.0510597
-0.0912401, -0.565266, -9.72454, 3.48742, 0.050725
-0.101001, -0.575741, -9.77742, 3.48787, 0.0510956
-0.0949726, -0.553353, -9.7412, 3.48858, 0.0518322
-0.0712273, -0.547321, -9.7344, 3.48932, 0.0526105
-0.0699068, -0.560286, -9.74612, 3.48974, 0.0529922
-0.0780347, -0.570432, -9.77754, 3.4905, 0.0536519
-0.0819955, -0.571473, -9.75625, 3.4884, 0.0568459
-0.0697315, -0.556798, -9.76471, 3.48884, 0.0572227
-0.0818052, -0.554986, -9.76653, 3.48963, 0.0579349
-0.0897376, -0.565837, -9.73797, 3.49033, 0.05878
-0.0783966, -0.563583, -9.76445, 3.49069, 0.0591293
-0.10464, -0.572489, -9.75752, 3.49141, 0.0598715
-0.0851947, -0.57613, -9.74137, 3.48248, 0.0616876
-0.061807, -0.568708, -9.75876, 3.4828, 0.0621535
-0.0865491, -0.556998, -9.75515, 3.48352, 0.0628042
-0.0750571, -0.539732, -9.77827, 3.48412, 0.0636071
-0.082652, -0.573344, -9.76836, 3.48446, 0.0639634
-0.0651427, -0.561766, -9.74057, 3.48515, 0.0646438
-0.107148, -0.553989, -9.7719, 3.47636, 0.0634349
-0.0903677, -0.559052, -9.7818, 3.47667, 0.0637254
-0.0819779, -0.563704, -9.74176, 3.47719, 0.0643928
-0.109113, -0.562309, -9.71916, 3.47773, 0.0651817
-0.0948589, -0.57417, -9.75171, 3.47803, 0.0654674
-0.0797634, -0.559969, -9.75651, 3.47852, 0.066203
-0.0836141, -0.571408, -9.76916, 3.47442, 0.0692525
-0.0964682, -0.564809, -9.79898, 3.47468, 0.069555
-0.0877114, -0.55481, -9.74928, 3.47519, 0.0702864
-0.0691162, -0.547122, -9.77606, 3.47564, 0.0709903
-0.0862628, -0.555787, -9.76988, 3.47593, 0.0713318
-0.0641839, -0.521, -9.75948, 3.47639, 0.072143
-0.06617, -0.5634, -9.74543, 3.46416, 0.0673834
-0.10323, -0.56454, -9.73218, 3.46434, 0.0677357
-0.0636049, -0.58651, -9.76037, 3.46471, 0.0682831
-0.0720137, -0.549703, -9.75937, 3.46508, 0.0689732
-0.0591757, -0.578668, -9.79925, 3.46517, 0.0693155
-0.092499, -0.548314, -9.76239, 3.46549, 0.0698395
-0.0811834, -0.541087, -9.75853, 3.45982, 0.0710964
-0.0744786, -0.576263, -9.73118, 3.45996, 0.0713622
-0.0756475, -0.553165, -9.76079, 3.46013, 0.0720343
-0.104663, -0.568602, -9.78861, 3.46037, 0.0725677
-0.0972405, -0.549713, -9.78325, 3.46052, 0.0728948
-0.110536, -0.583481, -9.78453, 3.46068, 0.0735601
-0.0922098, -0.586188, -9.74689, 3.4632, 0.0793407
-0.0811124, -0.570771, -9.77863, 3.4633, 0.079635
-0.091931, -0.563691, -9.75103, 3.46351, 0.0803018
-0.0904676, -0.555275, -9.75204, 3.46377, 0.0809375
-0.0559871, -0.559368, -9.76142, 3.46382, 0.081303
-0.0816589, -0.563542, -9.77124, 3.46407, 0.0819795
-0.0846827, -0.54781, -9.7707, 3.45953, 0.0846606
-0.0765061, -0.574326, -9.77705, 3.4597, 0.0850471
-0.0815949, -0.555406, -9.74264, 3.45984, 0.0857347
-0.0905008, -0.552759, -9.74889, 3.46004, 0.0864082
-0.0937129, -0.568989, -9.74262, 3.46012, 0.0867543
-0.0937301, -0.575729, -9.75172, 3.46035, 0.0874681
-0.0562869, -0.550332, -9.76075, 3.45373, 0.0845665
-0.0833998, -0.570046, -9.77079, 3.45383, 0.0851743
-0.0928897, -0.558014, -9.77894, 3.45388, 0.0854482
-0.0619628, -0.544144, -9.7452, 3.45397, 0.0861144
-0.0866219, -0.562319, -9.76222, 3.45402, 0.0864407
-0.0700626, -0.565562, -9.74701, 3.45421, 0.0871682
-0.0793947, -0.579134, -9.75182, 3.45426, 0.0888666
-0.0728506, -0.566548, -9.79436, 3.45443, 0.0895494
-0.0822794, -0.565891, -9.76457, 3.45447, 0.0898858
-0.0860454, -0.571072, -9.75746, 3.45455, 0.0904342
-0.106714, -0.569908, -9.7634, 3.45469, 0.0911031
-0.102049, -0.566118, -9.74773, 3.4548, 0.0915365
-0.0856147, -0.554217, -9.76764, 3.45028, 0.101462
-0.0775426, -0.537959, -9.74586, 3.45031, 0.102264
-0.102596, -0.541828, -9.7709, 3.45043, 0.10272
-0.072594, -0.564104, -9.74552, 3.45048, 0.10341
-0.0690019, -0.56252, -9.75309, 3.45051, 0.104214
-0.072809, -0.557474, -9.77198, 3.45055, 0.10465
-0.0667687, -0.567607, -9.76753, 3.4541, 0.10053
-0.0416607, -0.575038, -9.76338, 3.45417, 0.101246
-0.0817197, -0.570564, -9.75393, 3.45418, 0.101622
-0.0806091, -0.575844, -9.76122, 3.4544, 0.102339
-0.0924999, -0.572611, -9.74432, 3.45455, 0.103139
-0.0788355, -0.544075, -9.73723, 3.45451, 0.103446
-0.0712572, -0.578063, -9.75032, 3.46215, 0.100134
-0.0670456, -0.58714, -9.76537, 3.46234, 0.100795
-0.0917216, -0.570983, -9.75608, 3.46248, 0.101132
-0.0791779, -0.579179, -9.75936, 3.46273, 0.101924
-0.0781942, -0.55456, -9.76792, 3.46298, 0.102607
-0.0787839, -0.541466, -9.77946, 3.46305, 0.103024
-0.0653468, -0.560274, -9.76484, 3.4542, 0.119595
-0.0945881, -0.569587, -9.75632, 3.45436, 0.120487
-0.0750276, -0.578027, -9.78155, 3.4544, 0.12094
-0.0987071, -0.563597, -9.75623, 3.45452, 0.121889
-0.0897626, -0.569383, -9.80265, 3.45462, 0.122857
-0.0760853, -0.571595, -9.72624, 3.45472, 0.123379
-0.102813, -0.550237, -9.77249, 3.44441, 0.11458
-0.0961537, -0.564166, -9.7726, 3.44449, 0.115344
-0.0780685, -0.549164, -9.76859, 3.44447, 0.115739
-0.0807271, -0.568116, -9.75996, 3.44438, 0.116439
-0.0721386, -0.554773, -9.77126, 3.44447, 0.117218
-0.0676913, -0.570709, -9.77264, 3.44442, 0.117635
-0.0621429, -0.543217, -9.77633, 3.4621, 0.124537
-0.0840442, -0.572489, -9.73056, 3.4624, 0.125401
-0.0914906, -0.540098, -9.72657, 3.46249, 0.125823
-0.0910109, -0.556973, -9.75642, 3.4627, 0.126786
-0.074776, -0.583818, -9.77331, 3.46296, 0.127712
-0.0954785, -0.570579, -9.75484, 3.46303, 0.12809
-0.0711378, -0.571588, -9.76336, 3.46054, 0.116781
-0.116548, -0.573234, -9.78525, 3.46076, 0.117402
-0.104884, -0.5629, -9.76404, 3.46087, 0.117726
-0.100298, -0.563593, -9.75832, 3.46105, 0.118485
-0.0843011, -0.572341, -9.7551, 3.46133, 0.119208
-0.0871689, -0.546444, -9.77254, 3.46133, 0.119613
-0.0646322, -0.569513, -9.76755, 3.4613, 0.124472
-0.0576495, -0.56398, -9.77067, 3.4615, 0.125245
-0.0752158, -0.557945, -9.78913, 3.46167, 0.125527
-0.110303, -0.564999, -9.74095, 3.46191, 0.126328
-0.0969279, -0.54723, -9.80213, 3.46206, 0.12712
-0.078626, -0.561655, -9.75429, 3.46223, 0.127469
-0.0797077, -0.573946, -9.75529, 3.45772, 0.134148
-0.101263, -0.535726, -9.76358, 3.45791, 0.135024
-0.10427, -0.56454, -9.73845, 3.45807, 0.135455
-0.112163, -0.55611, -9.76846, 3.45823, 0.13621
-0.0934852, -0.543246, -9.72943, 3.45837, 0.137083
-0.082274, -0.558543, -9.76069, 3.45841, 0.137444
-0.0586845, -0.556021, -9.7812, 3.45576, 0.128343
-0.0911517, -0.547327, -9.76012, 3.45597, 0.128929
-0.0629221, -0.547087, -9.72629, 3.45605, 0.129276
-0.0670548, -0.561211, -9.7356, 3.45618, 0.129934
-0.10638, -0.55758, -9.74337, 3.45629, 0.130572
-0.0888329, -0.57126, -9.73286, 3.45636, 0.130891
-0.0622219, -0.565692, -9.75578, 3.44766, 0.130468
-0.0917554, -0.584449, -9.77283, 3.44776, 0.131051
-0.115392, -0.571186, -9.73862, 3.44777, 0.131392
-0.0937406, -0.550983, -9.78024, 3.44775, 0.13197
-0.0967998, -0.562083, -9.76617, 3.44778, 0.132607
-0.0800024, -0.556962, -9.75687, 3.44792, 0.132879
-0.0709614, -0.551153, -9.7447, 3.44413, 0.137645
-0.0676198, -0.597401, -9.76553, 3.44415, 0.138331
-0.0784926, -0.551967, -9.77831, 3.44405, 0.138695
-0.0541703, -0.573524, -9.76818, 3.44408, 0.139357
-0.071367, -0.555854, -9.76077, 3.44402, 0.14
-0.0843877, -0.561756, -9.78629, 3.44314, 0.142694
-0.100345, -0.557799, -9.75714, 3.44307, 0.143386
-0.0915176, -0.577616, -9.78392, 3.44307, 0.144055
-0.0655222, -0.563426, -9.77143, 3.44308, 0.144491
-0.0610496, -0.56883, -9.76127, 3.44297, 0.145175
-0.0774394, -0.575189, -9.76279, 3.44301, 0.145819
-0.0735182, -0.577883, -9.77739, 3.44301, 0.146165
-0.070312, -0.565327, -9.73114, 3.4428, 0.146614
-0.0714705, -0.580449, -9.79, 3.44279, 0.147271
-0.072527, -0.553253, -9.73814, 3.4428, 0.147642
-0.0646997, -0.544467, -9.77439, 3.44285, 0.14842
-0.0606816, -0.566614, -9.72776, 3.44283, 0.149108
-0.0953668, -0.558775, -9.77827, 3.44281, 0.14945
-0.0862743, -0.553872, -9.75886, 3.43164, 0.152519
-0.0918413, -0.562179, -9.78632, 3.43154, 0.153182
-0.079466, -0.54993, -9.78635, 3.43144, 0.153562
-0.102618, -0.567509, -9.75637, 3.43131, 0.154308
-0.0892794, -0.557597, -9.78413, 3.43121, 0.155139
-0.0992521, -0.583669, -9.7648, 3.43116, 0.155429
-0.0780212, -0.549919, -9.74936, 3.42891, 0.158441
-0.0911613, -0.58901, -9.76079, 3.42867, 0.159154
-0.0819022, -0.561896, -9.7822, 3.42867, 0.159572
-0.0957589, -0.557231, -9.78085, 3.42838, 0.160379
-0.0797701, -0.569928, -9.75156, 3.42818, 0.161212
-0.0947182, -0.566637, -9.7443, 3.42817, 0.161644
-0.0909668, -0.554037, -9.7516, 3.4261, 0.150852
-0.102636, -0.555018, -9.78428, 3.42594, 0.151579
-0.0753929, -0.567959, -9.78104, 3.42582, 0.151882
-0.0956684, -0.53788, -9.75157, 3.4256, 0.152523
-0.0776341, -0.576224, -9.72611, 3.42546, 0.153189
-0.103308, -0.537698, -9.7938, 3.42537, 0.153431
-0.103748, -0.570449, -9.76607, 3.42527, 0.158483
-0.0847451, -0.566471, -9.75044, 3.42509, 0.159162
-0.0743661, -0.567614, -9.7779, 3.42504, 0.159566
-0.0696396, -0.559589, -9.74588, 3.42492, 0.160242
-0.074812, -0.556869, -9.77056, 3.42469, 0.160987
-0.0673864, -0.576619, -9.74841, 3.42017, 0.157081
-0.0995115, -0.542219, -9.78026, 3.41992, 0.157739
-0.0772251, -0.561776, -9.72412, 3.4197, 0.1584
-0.0865821, -0.544021, -9.77128, 3.41957, 0.1588
-0.0702166, -0.575456, -9.73876, 3.41943, 0.159443
-0.115909, -0.566358, -9.74672, 3.41918, 0.160092
-0.097866, -0.550943, -9.74488, 3.41907, 0.160452
-0.0887302, -0.584341, -9.76798, 3.41038, 0.149925
-0.0831038, -0.567051, -9.78329, 3.41006, 0.150424
-0.0853908, -0.576535, -9.74268, 3.4098, 0.15072
-0.0648266, -0.561324, -9.76596, 3.40951, 0.151229
-0.0686574, -0.57092, -9.75306, 3.40918, 0.151808
-0.0715656, -0.551069, -9.76165, 3.40744, 0.152795
-0.0678045, -0.538992, -9.76092, 3.40715, 0.153273
-0.0669914, -0.568748, -9.73956, 3.40689, 0.153831
-0.0740105, -0.585959, -9.75628, 3.40675, 0.15401
-0.0937068, -0.562765, -9.7856, 3.40643, 0.154506
-0.0926365, -0.559287, -9.77282, 3.40617, 0.155039
-0.0822586, -0.573736, -9.73796, 3.38574, 0.159196
-0.0903781, -0.549799, -9.74485, 3.38515, 0.159747
-0.110667, -0.580149, -9.75154, 3.38459, 0.160327
-0.0885501, -0.566073, -9.73011, 3.38428, 0.160598
-0.0764567, -0.589915, -9.76535, 3.38366, 0.161237
-0.0813511, -0.564137, -9.7564, 3.38304, 0.16179
-0.0692269, -0.572625, -9.76281, 3.38279, 0.162125
-0.0776301, -0.582042, -9.76606, 3.3819, 0.166674
-0.0790914, -0.57536, -9.76889, 3.38135, 0.16746
-0.0691893, -0.570664, -9.74817, 3.38105, 0.167792
-0.0865523, -0.579978, -9.73588, 3.38046, 0.168477
-0.0632614, -0.570869, -9.77839, 3.37991, 0.169224
-0.0753398, -0.557398, -9.74994, 3.37033, 0.16419
-0.104992, -0.555742, -9.7814, 3.36998, 0.164545
-0.0804142, -0.535853, -9.7283, 3.36939, 0.165094
-0.0750865, -0.580721, -9.71907, 3.36871, 0.16574
-0.105677, -0.575511, -9.76634, 3.36842, 0.166025
-0.0918436, -0.596695, -9.73626, 3.36776, 0.166589
-0.0704355, -0.576601, -9.75743, 3.35958, 0.161937
-0.0797883, -0.559191, -9.76268, 3.35927, 0.162232
-0.0643167, -0.558348, -9.78487, 3.35846, 0.162748
-0.0931941, -0.571451, -9.7499, 3.35755, 0.163306
-0.0654308, -0.579914, -9.778, 3.35726, 0.163645
-0.111601, -0.58422, -9.74417, 3.35648, 0.164141
-0.0789468, -0.529022, -9.74802, 3.35171, 0.160891
-0.0815859, -0.551576, -9.73269, 3.35124, 0.161085
-0.0753414, -0.59173, -9.73715, 3.35043, 0.161694
-0.0972119, -0.551644, -9.74097, 3.34965, 0.162202
-0.0771151, -0.573755, -9.76652, 3.3492, 0.162496
-0.0640856, -0.553858, -9.75873, 3.34838, 0.162953
-0.0738061, -0.569193, -9.77547, 3.34431, 0.160187
-0.0844752, -0.562537, -9.74826, 3.34388, 0.160452
-0.0637561, -0.569304, -9.73887, 3.34299, 0.160892
-0.0704644, -0.571603, -9.76635, 3.34214, 0.161433
-0.0844186, -0.558127, -9.76034, 3.34175, 0.161622
-0.0869885, -0.584382, -9.78265, 3.34092, 0.162144
-0.090108, -0.578593, -9.74038, 3.34849, 0.168143
-0.0915797, -0.598126, -9.78522, 3.34809, 0.168463
-0.0854809, -0.588153, -9.72555, 3.34745, 0.169004
-0.0928901, -0.582982, -9.76073, 3.34682, 0.169601
-0.0901746, -0.549188, -9.74469, 3.34647, 0.169909
-0.0680378, -0.539353, -9.76966, 3.3458, 0.170466
-0.0820522, -0.561721, -9.77582, 3.34991, 0.179343
-0.0481891, -0.530394, -9.76947, 3.34967, 0.179675
-0.0784375, -0.542202, -9.7724, 3.34914, 0.180369
-0.0730412, -0.561266, -9.75017, 3.34867, 0.181026
-0.0489653, -0.587561, -9.7716, 3.34835, 0.18138
-0.0706417, -0.552442, -9.73713, 3.34784, 0.18207
-0.0712875, -0.594513, -9.75108, 3.34732, 0.182881
-0.109081, -0.593552, -9.76268, 3.33362, 0.172259
-0.0856929, -0.576975, -9.78521, 3.33298, 0.172803
-0.11063, -0.574572, -9.74279, 3.33231, 0.173379
-0.0997328, -0.599992, -9.74806, 3.33201, 0.173704
-0.0844172, -0.56514, -9.74316, 3.33123, 0.17428
-0.0718548, -0.590922, -9.8049, 3.33693, 0.181317
-0.0652488, -0.570412, -9.78489, 3.33671, 0.181693
-0.0851946, -0.571449, -9.77963, 3.33613, 0.182433
-0.0814784, -0.548404, -9.77329, 3.33558, 0.183208
-0.0838971, -0.537226, -9.77564, 3.33536, 0.183593
-0.0698187, -0.55098, -9.78606, 3.33476, 0.184305
-0.0866271, -0.567829, -9.78169, 3.32449, 0.177079
-0.0906375, -0.580092, -9.75778, 3.32419, 0.177343
-0.0726132, -0.565235, -9.74347, 3.32348, 0.178013
-0.101559, -0.553326, -9.75662, 3.32289, 0.178576
-0.109246, -0.544338, -9.76317, 3.32258, 0.178919
-0.0578283, -0.570235, -9.74179, 3.3219, 0.179481
-0.0805693, -0.566614, -9.7574, 3.31967, 0.178201
-0.0777908, -0.557863, -9.71242, 3.31942, 0.178484
-0.105999, -0.553438, -9.7101, 3.31893, 0.179029
-0.0992469, -0.586934, -9.77443, 3.31832, 0.17967
-0.0911355, -0.581648, -9.72884, 3.31804, 0.179948
-0.0647098, -0.58172, -9.78319, 3.31746, 0.18063
-0.109411, -0.569757, -9.76518, 3.31421, 0.18325
-0.101183, -0.550353, -9.75695, 3.31395, 0.183668
-0.0835272, -0.552914, -9.75245, 3.31336, 0.184344
-0.0848317, -0.558014, -9.74994, 3.31277, 0.185041
-0.0647416, -0.572559, -9.78158, 3.31248, 0.185431
-0.0673284, -0.54994, -9.79747, 3.31189, 0.186102
-0.108035, -0.559102, -9.76204, 3.29775, 0.181506
-0.0736133, -0.552232, -9.74792, 3.29737, 0.181749
-0.06248, -0.543898, -9.78281, 3.29675, 0.182362
-0.0969659, -0.564252, -9.73475, 3.29603, 0.182909
-0.0693764, -0.590137, -9.74259, 3.29572, 0.183234
-0.0864757, -0.53042, -9.75184, 3.29509, 0.183783
-0.0854803, -0.564806, -9.71741, 3.28697, 0.178859
-0.0702643, -0.573948, -9.75604, 3.28661, 0.179076
-0.0788856, -0.582739, -9.77824, 3.28582, 0.179623
-0.100305, -0.574565, -9.73967, 3.28508, 0.18029
-0.0850359, -0.546349, -9.75393, 3.28426, 0.180851
-0.107778, -0.575441, -9.74437, 3.28386, 0.181131
-0.0817311, -0.563439, -9.75117, 3.2788, 0.178057
-0.09068, -0.553904, -9.7581, 3.2781, 0.178581
-0.0967836, -0.526826, -9.7228, 3.27772, 0.178796
-0.0814116, -0.549118, -9.79437, 3.27696, 0.17936
-0.0750638, -0.570131, -9.79912, 3.27661, 0.179661
-0.0883524, -0.549562, -9.76898, 3.27596, 0.180111
-0.0657278, -0.558137, -9.78012, 3.27515, 0.175029
-0.0690025, -0.549984, -9.76217, 3.27448, 0.175492
-0.0722849, -0.580492, -9.76303, 3.27412, 0.175695
-0.0756438, -0.568184, -9.75489, 3.27344, 0.176219
-0.0912293, -0.580922, -9.75285, 3.27279, 0.176772
-0.0946304, -0.563954, -9.7853, 3.27244, 0.176952
-0.110457, -0.569875, -9.77139, 3.2653, 0.176534
-0.0847714, -0.554578, -9.77161, 3.26465, 0.176971
-0.118537, -0.562894, -9.73188, 3.26431, 0.177186
-0.0534912, -0.556817, -9.75558, 3.26362, 0.177687
-0.0749046, -0.56556, -9.76438, 3.26301, 0.178164
-0.0676097, -0.561588, -9.74427, 3.26261, 0.178451
-0.0869542, -0.573526, -9.72865, 3.26189, 0.178939
-0.0928416, -0.572048, -9.75208, 3.25616, 0.165763
-0.0688821, -0.580788, -9.73493, 3.25582, 0.165899
-0.100778, -0.575321, -9.74743, 3.25519, 0.166244
-0.0796886, -0.591568, -9.75965, 3.25446, 0.166633
-0.0844481, -0.573777, -9.76963, 3.25414, 0.166852
-0.0570509, -0.593279, -9.75678, 3.24599, 0.160463
-0.0766726, -0.549195, -9.79658, 3.24532, 0.16078
-0.0720205, -0.56156, -9.72111, 3.24498, 0.160971
-0.0724428, -0.560868, -9.77857, 3.24426, 0.161297
-0.0905577, -0.52923, -9.75183, 3.24352, 0.161608
-0.0631311, -0.564, -9.76841, 3.24316, 0.161721
-0.098288, -0.53553, -9.7444, 3.22531, 0.154152
-0.0705537, -0.557991, -9.74535, 3.22441, 0.15428
-0.101071, -0.580052, -9.76849, 3.224, 0.154335
-0.077758, -0.600291, -9.73138, 3.22312, 0.154486
-0.065182, -0.586447, -9.75367, 3.22224, 0.154621
-0.0836508, -0.557886, -9.69765, 3.2217, 0.15472
-0.108736, -0.613342, -9.73697, 3.22532, 0.153485
-0.0931479, -0.566138, -9.73101, 3.22453, 0.153642
-0.0728477, -0.589144, -9.7437, 3.22419, 0.153807
-0.0848423, -0.575255, -9.79879, 3.22348, 0.154064
-0.0909636, -0.557771, -9.78538, 3.22276, 0.154337
-0.0955745, -0.563171, -9.76907, 3.22242, 0.154468
-0.0934083, -0.538607, -9.8164, 3.21852, 0.156945
-0.0626988, -0.530933, -9.74611, 3.21786, 0.157227
-0.0517381, -0.545942, -9.76159, 3.21748, 0.157371
-0.0879099, -0.538143, -9.73927, 3.21682, 0.157627
-0.0806007, -0.55234, -9.76169, 3.2161, 0.157946
-0.0708561, -0.589332, -9.76622, 3.21578, 0.158033
-0.077701, -0.559553, -9.70712, 3.2116, 0.155304
-0.0756317, -0.566824, -9.7312, 3.21097, 0.155612
-0.0713045, -0.586958, -9.7442, 3.21071, 0.15565
-0.0913573, -0.592434, -9.78888, 3.21004, 0.155967
-0.101082, -0.581412, -9.73747, 3.20945, 0.156306
-0.0848585, -0.569021, -9.74085, 3.20911, 0.156403
-0.0835199, -0.562909, -9.76568, 3.20215, 0.151258
-0.100014, -0.595295, -9.77244, 3.20152, 0.151465
-0.0818875, -0.560838, -9.77871, 3.2012, 0.151635
-0.0918581, -0.556259, -9.76421, 3.20052, 0.151839
-0.0854215, -0.549595, -9.76791, 3.19986, 0.15203
-0.0667257, -0.548361, -9.75864, 3.19956, 0.152156
-0.0828001, -0.567848, -9.76551, 3.19151, 0.148812
-0.0849696, -0.574405, -9.76153, 3.19086, 0.148942
-0.0811849, -0.597729, -9.7671, 3.1905, 0.148973
-0.0610923, -0.560579, -9.77983, 3.18987, 0.149145
-0.0721673, -0.541855, -9.70719, 3.18923, 0.149305
-0.0953587, -0.555846, -9.74695, 3.18892, 0.149449
-0.0848047, -0.550422, -9.70825, 3.18492, 0.145941
-0.0850558, -0.557308, -9.82773, 3.18427, 0.146159
-0.0614527, -0.57722, -9.73421, 3.18403, 0.146221
-0.0774918, -0.542261, -9.73832, 3.18339, 0.146357
-0.0695598, -0.542291, -9.7165, 3.18284, 0.146551
-0.0804513, -0.548777, -9.80633, 3.18255, 0.14664
-0.0934885, -0.566849, -9.74142, 3.1742, 0.132514
-0.0750683, -0.570174, -9.80193, 3.17362, 0.132537
-0.0979508, -0.571642, -9.73864, 3.17338, 0.132524
-0.128064, -0.552107, -9.76243, 3.17268, 0.132514
-0.095409, -0.574339, -9.76166, 3.17202, 0.132509
-0.0786621, -0.582492, -9.77155, 3.17173, 0.132529
-0.0802627, -0.560935, -9.79393, 3.16481, 0.129829
-0.0871474, -0.53776, -9.68224, 3.16412, 0.129818
-0.0853257, -0.547805, -9.79835, 3.16353, 0.129872
-0.0946542, -0.561311, -9.75642, 3.1632, 0.12986
-0.0692856, -0.563198, -9.80505, 3.16254, 0.129845
-0.101914, -0.524711, -9.72165, 3.16187, 0.129842
-0.0857659, -0.558159, -9.74181, 3.15872, 0.122611
-0.087536, -0.58063, -9.76306, 3.15808, 0.12247
-0.0698199, -0.565719, -9.77241, 3.15749, 0.122386
-0.0753627, -0.614775, -9.83485, 3.15725, 0.122349
-0.103937, -0.592205, -9.81322, 3.15666, 0.122254
-0.0813225, -0.538312, -9.75799, 3.15605, 0.122157
-0.0963626, -0.572434, -9.77846, 3.14604, 0.124476
-0.070608, -0.579579, -9.72536, 3.14545, 0.124526
-0.0890545, -0.558249, -9.76027, 3.14486, 0.124491
-0.0796688, -0.582973, -9.78265, 3.14449, 0.124441
-0.055513, -0.573754, -9.79865, 3.14387, 0.124483
-0.0738001, -0.560957, -9.77934, 3.14312, 0.124514
-0.0629865, -0.533454, -9.71485, 3.14084, 0.121291
-0.084766, -0.571829, -9.73004, 3.14025, 0.121236
-0.0985676, -0.572473, -9.73399, 3.13965, 0.121268
-0.118704, -0.556688, -9.74347, 3.13939, 0.121232
-0.0934162, -0.560074, -9.79891, 3.13876, 0.121185
-0.0697631, -0.574007, -9.75673, 3.13813, 0.121106
-0.0793158, -0.575705, -9.76575, 3.13531, 0.117332
-0.0878652, -0.565506, -9.79958, 3.1349, 0.117277
-0.0896007, -0.575891, -9.739, 3.13431, 0.117239
-0.0902851, -0.577282, -9.7487, 3.13413, 0.117231
-0.0654033, -0.559417, -9.74856, 3.13361, 0.117129
-0.101655, -0.561128, -9.75861, 3.13312, 0.117215
-0.075915, -0.584091, -9.77037, 3.12663, 0.112527
-0.0930597, -0.563222, -9.77774, 3.12611, 0.112477
-0.0866468, -0.569427, -9.76489, 3.12561, 0.112299
-0.0851115, -0.567374, -9.77156, 3.12529, 0.112294
-0.0549424, -0.536812, -9.78472, 3.12487, 0.112242
-0.0776488, -0.558462, -9.75416, 3.12429, 0.11219
-0.0686778, -0.554845, -9.7821, 3.1143, 0.114256
-0.100598, -0.564394, -9.74922, 3.11375, 0.114224
-0.0805248, -0.543896, -9.75012, 3.11332, 0.114089
-0.109987, -0.555133, -9.74044, 3.11308, 0.114014
-0.0892876, -0.566374, -9.75127, 3.11253, 0.113931
-0.0734902, -0.591147, -9.76043, 3.11195, 0.11385
-0.0571437, -0.583253, -9.76804, 3.10209, 0.109026
-0.0745454, -0.591284, -9.7508, 3.10143, 0.108965
-0.059605, -0.583433, -9.74279, 3.10084, 0.108917
-0.0884606, -0.566777, -9.74495, 3.1006, 0.108953
-0.0974687, -0.55557, -9.71856, 3.09991, 0.108968
-0.0788151, -0.539637, -9.74554, 3.09946, 0.108921
-0.111293, -0.552393, -9.76973, 3.09306, 0.110489
-0.0775885, -0.563347, -9.75631, 3.09251, 0.110546
-0.0828221, -0.534422, -9.76395, 3.09197, 0.11053
-0.118083, -0.572915, -9.75334, 3.09147, 0.110476
-0.083817, -0.545313, -9.74985, 3.09117, 0.11051
-0.0679207, -0.587131, -9.7894, 3.09064, 0.110388
-0.0855617, -0.567007, -9.73958, 3.0948, 0.108382
-0.0668916, -0.586824, -9.76713, 3.09455, 0.108364
-0.0663495, -0.599844, -9.72059, 3.09414, 0.108367
-0.0834075, -0.592248, -9.7181, 3.09375, 0.108399
-0.0684183, -0.57646, -9.78827, 3.09352, 0.10836
-0.0836339, -0.548462, -9.75316, 3.09308, 0.10847
-0.0870231, -0.565471, -9.76833, 3.08455, 0.104771
-0.0810555, -0.560927, -9.77291, 3.08423, 0.104813
-0.0744199, -0.541906, -9.76472, 3.08379, 0.104893
-0.0976984, -0.567811, -9.74781, 3.08337, 0.104904
-0.0624098, -0.563037, -9.74933, 3.08316, 0.104905
-0.0787154, -0.559552, -9.76482, 3.08278, 0.104857
-0.0696105, -0.579308, -9.78299, 3.07414, 0.100224
-0.0760525, -0.569814, -9.76204, 3.07392, 0.100235
-0.067596, -0.564459, -9.76278, 3.07349, 0.100205
-0.0827121, -0.568746, -9.7432, 3.07301, 0.100249
-0.0834848, -0.567039, -9.76057, 3.07284, 0.100229
-0.0844489, -0.561361, -9.73969, 3.07231, 0.100156
-0.103186, -0.581201, -9.80015, 3.06489, 0.107217
-0.0905818, -0.576231, -9.77808, 3.06462, 0.107229
-0.0919118, -0.578731, -9.78225, 3.06412, 0.107464
-0.0632181, -0.54094, -9.77193, 3.06368, 0.107642
-0.0673567, -0.540031, -9.77631, 3.06349, 0.107722
-0.071809, -0.543435, -9.74913, 3.06301, 0.107889
-0.0690688, -0.552428, -9.72857, 3.05157, 0.108055
-0.0639897, -0.558367, -9.77285, 3.05141, 0.108138
-0.0805247, -0.542431, -9.7444, 3.05092, 0.108309
-0.0791962, -0.565158, -9.74457, 3.05041, 0.108468
-0.103147, -0.588511, -9.78049, 3.05022, 0.108533
-0.0908328, -0.56364, -9.74913, 3.04965, 0.10865
-0.101047, -0.596205, -9.77838, 3.04358, 0.0975265
-0.0932394, -0.571949, -9.76894, 3.04329, 0.0975322
-0.106925, -0.569078, -9.74732, 3.04284, 0.0976251
-0.0804066, -0.55056, -9.74273, 3.04243, 0.0977295
-0.0457967, -0.579669, -9.7478, 3.04213, 0.09779
-0.0510849, -0.552093, -9.76685, 3.04162, 0.0978933
-0.074289, -0.555283, -9.77539, 3.02693, 0.0956086
-0.0806109, -0.550529, -9.73421, 3.02664, 0.095717
-0.107812, -0.577512, -9.74628, 3.02604, 0.0958385
-0.0882068, -0.553533, -9.76907, 3.02555, 0.0958646
-0.0806715, -0.585158, -9.74282, 3.02524, 0.0958857
-0.0888003, -0.588943, -9.75115, 3.0246, 0.0960164
-0.0751557, -0.576812, -9.75521, 3.0039, 0.0864784
-0.104665, -0.566614, -9.77742, 3.00353, 0.0864694
-0.0900938, -0.584917, -9.77437, 3.00271, 0.0865876
-0.0830019, -0.562419, -9.74173, 3.00187, 0.0866479
-0.07752, -0.583904, -9.74799, 3.00151, 0.0866385
-0.0852619, -0.56627, -9.74756, 3.00071, 0.086703
-0.0738474, -0.575697, -9.76332, 2.9881, 0.0835102
-0.078357, -0.556239, -9.74308, 2.98762, 0.0835587
-0.0711096, -0.556505, -9.74153, 2.98671, 0.0835703
-0.0792481, -0.572357, -9.77717, 2.98585, 0.0836618
-0.091469, -0.562534, -9.78293, 2.98539, 0.0836621
-0.0892279, -0.566605, -9.73489, 2.98453, 0.0836373
-0.108044, -0.587296, -9.75498, 2.96691, 0.0800878
-0.0823746, -0.580303, -9.72206, 2.96581, 0.0801635
-0.0783, -0.570276, -9.76038, 2.96538, 0.0801148
-0.0722812, -0.575694, -9.78692, 2.96428, 0.0801813
-0.0853135, -0.551426, -9.76644, 2.96329, 0.0802065
-0.0780903, -0.542957, -9.73318, 2.96274, 0.0803081
-0.0830148, -0.578531, -9.78762, 2.95096, 0.0713298
-0.0900793, -0.564869, -9.75239, 2.9499, 0.0712926
-0.0712209, -0.555287, -9.76407, 2.94932, 0.0712455
-0.0753993, -0.547083, -9.74245, 2.94824, 0.0711827
-0.0712447, -0.575365, -9.76095, 2.94712, 0.0711485
-0.068539, -0.537875, -9.77044, 2.94658, 0.071126
-0.0752434, -0.555466, -9.76095, 2.93382, 0.0649982
-0.0725924, -0.558362, -9.76474, 2.9326, 0.0648906
-0.0824291, -0.570924, -9.75882, 2.93212, 0.0647795
-0.101895, -0.566794, -9.7669, 2.93088, 0.0646809
-0.0690374, -0.590232, -9.77789, 2.92972, 0.0646013
-0.0634404, -0.569017, -9.76506, 2.92104, 0.0626844
-0.0860413, -0.578059, -9.73648, 2.91988, 0.0625799
-0.0743889, -0.57239, -9.75942, 2.91879, 0.0625098
-0.0662091, -0.544467, -9.76563, 2.91826, 0.0624829
-0.0884266, -0.577418, -9.75481, 2.91706, 0.0623927
-0.0847565, -0.582783, -9.78825, 2.91586, 0.0623327
-0.0712095, -0.575081, -9.74979, 2.91535, 0.0622082
-0.0667538, -0.55823, -9.74167, 2.90429, 0.0537537
-0.0819599, -0.578576, -9.77966, 2.90315, 0.0535827
-0.0756739, -0.556298, -9.73284, 2.90258, 0.0535287
-0.0969067, -0.560118, -9.79819, 2.90136, 0.0533461
-0.0729724, -0.58221, -9.79949, 2.90017, 0.0533062
-0.102832, -0.52774, -9.78293, 2.89959, 0.0531975
-0.0821978, -0.570494, -9.80003, 2.88785, 0.0435689
-0.0697701, -0.559795, -9.72546, 2.88663, 0.0434435
-0.056266, -0.570808, -9.77948, 2.88604, 0.043351
-0.0839399, -0.564062, -9.73903, 2.88485, 0.0430473
-0.0829667, -0.560782, -9.74718, 2.88362, 0.0428184
-0.0723333, -0.556379, -9.78041, 2.88304, 0.042758
-0.0634602, -0.566572, -9.76429, 2.87125, 0.0402934
-0.0789354, -0.56648, -9.77719, 2.87001, 0.0400658
-0.114048, -0.546859, -9.75218, 2.86943, 0.0399518
-0.0925523, -0.590959, -9.74699, 2.86812, 0.0397443
-0.08003, -0.541695, -9.75313, 2.86691, 0.0395398
-0.0817041, -0.534487, -9.78539, 2.8663, 0.0394334
-0.0871487, -0.568483, -9.75338, 2.85693, 0.0217579
-0.0923498, -0.550235, -9.75541, 2.85568, 0.0212975
-0.0957671, -0.549238, -9.78417, 2.85506, 0.0210878
-0.0603585, -0.574791, -9.75903, 2.85382, 0.0206042
-0.0917239, -0.572195, -9.74547, 2.85267, 0.0201072
-0.0645716, -0.575521, -9.74726, 2.85204, 0.0199146
-0.0649893, -0.5636, -9.78132, 2.84475, 0.015742
-0.0859177, -0.586805, -9.78345, 2.84351, 0.0152991
-0.09914, -0.556475, -9.74564, 2.84286, 0.0150568
