0,30.67308071316002,-96.3728974904686,85.39862091233954
0.1996583938598633,30.67308077466977,-96.37289752077942,85.40876856300747
0.3996114730834961,30.67308083097418,-96.37289749612198,85.41930244636023
0.5999817848205566,30.67308089660249,-96.37289752660877,85.41707111429423
0.7998902797698975,30.67308099077276,-96.37289751287456,85.42562644206919
0.9999072551727295,30.67308116038026,-96.3728975112178,85.44052753568394
1.199475049972534,30.67308125693627,-96.37289752594711,85.45292843400966
1.399568557739258,30.67308139989618,-96.37289749898349,85.46605890564388
1.59955096244812,30.67308154536062,-96.37289749910153,85.48004721780308
1.799817323684692,30.67308164207005,-96.37289748606112,85.49067395809107
1.999233961105347,30.67308180066413,-96.37289745039095,85.50533132435521
2.199362993240356,30.67308192752809,-96.37289740898436,85.51085842819884
2.399546146392822,30.67308206532195,-96.37289737256108,85.52029582380783
2.600407600402832,30.67308217724651,-96.37289735154472,85.52268709917553
2.800074338912964,30.67308220680188,-96.37289725948322,85.53865598357515
3.000098943710327,30.67308231966391,-96.3728972590568,85.55787918169517
3.200142621994019,30.67308239886256,-96.37289725222728,85.56764343049144
3.220091342926025,30.67308239689768,-96.37289725372864,85.56560422456823
3.39997410774231,30.6730824980435,-96.37289720239215,85.5792772109271
3.599803924560547,30.67308258267204,-96.37289717449958,85.59168992197374
3.799902677536011,30.67308269295108,-96.37289715682788,85.60964717797469
3.999781847000122,30.67308282012614,-96.37289710923167,85.62860678962898
4.199925661087036,30.67308284606264,-96.37289705837209,85.65215537755284
4.399492740631104,30.67308292125641,-96.37289703897972,85.67686929542106
4.59971284866333,30.67308296243154,-96.37289704217851,85.70641804579645
4.799517631530762,30.67308298125013,-96.37289695729207,85.73657712317072
4.999512910842896,30.67308299071478,-96.37289687940228,85.77084686688613
5.199477910995483,30.67308303582086,-96.37289678044588,85.80325551965507
5.399417161941528,30.67308309935878,-96.37289670120539,85.82891293623834
5.600390434265137,30.67308319057571,-96.37289672917534,85.85901985771488
5.80017614364624,30.67308326803362,-96.37289665156842,85.87497001740849
6.000216007232666,30.67308335347076,-96.37289661783493,85.89117720822105
6.200252771377563,30.6730834483773,-96.37289655753963,85.90301834791899
6.400144577026367,30.67308353273328,-96.37289660558748,85.92022192274453
6.5999596118927,30.67308357624657,-96.37289653838042,85.93615346768638
6.800123453140259,30.67308359739132,-96.37289642253336,85.95066471508471
6.999938488006592,30.67308352186753,-96.37289637700974,85.96677649748744
7.200016260147095,30.6730834100268,-96.37289638537422,85.9873183061718
7.399813652038574,30.67308321380971,-96.37289645470506,86.0075387066172
7.419735908508301,30.6730831761158,-96.37289646695891,86.00592755607795
7.59984278678894,30.6730829217969,-96.37289651317722,86.03693434971501
7.799626350402832,30.67308254475135,-96.37289660126108,86.06033753277734
8.000717163085938,30.67308191706626,-96.37289690317336,86.08965866954532
8.200573205947876,30.67308111193583,-96.37289708043429,86.12770518148318
8.400548458099365,30.67307987600326,-96.37289752872728,86.16017475142144
8.600418567657471,30.67307863346023,-96.37289806885877,86.22338959947228
8.800525665283203,30.6730773360126,-96.37289833376705,86.26509856141638
9.000434637069702,30.67307562710456,-96.37289865838609,86.304061682662
9.200335025787354,30.67307396465231,-96.37289892556721,86.33751703961752
9.400039196014404,30.67307238784072,-96.37289933534106,86.40650557680055
9.600132465362549,30.67307034348395,-96.37289966543072,86.44797930424102
9.800280332565308,30.67306833097672,-96.37290051505673,86.45725514437072
9.999985456466675,30.67306600355037,-96.37290095202815,86.4816514486447
10.20006823539734,30.67306365996481,-96.37290148771912,86.51575344218872
10.39972877502441,30.67306128993006,-96.37290220273539,86.56434275768697
10.59991788864136,30.67305860575404,-96.37290262208897,86.59903285745531
10.79988503456116,30.67305575206474,-96.37290344240459,86.63948208303191
11.00081205368042,30.67305272933689,-96.3729040491407,86.65902428491972
11.20057725906372,30.67304954877497,-96.3729049017209,86.68787778983824
11.40097689628601,30.67304641773725,-96.37290553518952,86.72179540619254
11.60075879096985,30.67304300089188,-96.37290629032506,86.74785494478419
11.80031251907349,30.6730394820497,-96.37290707732539,86.77655886951834
12.00082111358643,30.67303561830581,-96.37290775656577,86.80437736259773
12.20022892951965,30.67303151707178,-96.37290854758905,86.81021668575704
12.40051531791687,30.67302748600789,-96.37290927775268,86.82722056983039
12.60015201568604,30.67302328909399,-96.37291004753632,86.84713492542505
12.80027413368225,30.67301903727274,-96.37291071333843,86.84779679449275
13.00035810470581,30.67301459072879,-96.37291138352278,86.85193042643368
13.20006275177002,30.67301004534255,-96.37291224829681,86.85798365995288
13.40024185180664,30.67300513541939,-96.37291296615398,86.85326410224661
13.60019207000732,30.67300025792514,-96.37291345484584,86.86987880757079
13.80106830596924,30.67299518430195,-96.37291397649014,86.87590688047931
14.00084090232849,30.67299002138165,-96.37291436748311,86.87373559270054
14.20101070404053,30.67298479238092,-96.37291481425585,86.88855528086424
14.40087246894836,30.67297958602705,-96.3729153289469,86.90147010842338
14.60085916519165,30.67297430805468,-96.37291578527611,86.91506215883419
14.80062413215637,30.67296890113025,-96.37291601117178,86.92535191867501
15.00072765350342,30.67296354187951,-96.37291627690736,86.94256125669926
15.20071005821228,30.67295805911652,-96.37291638058969,86.94356966065243
15.40054440498352,30.67295268101827,-96.37291652033383,86.94885398307815
15.60073733329773,30.67294715729973,-96.37291654013053,86.95154139492661
15.80053782463074,30.67294153506171,-96.37291673705049,86.94368266873062
16.00015830993652,30.6729359782012,-96.37291683338286,86.93787142029032
16.20126104354858,30.67293030317153,-96.37291697367903,86.93887948384508
16.40116238594055,30.67292467099968,-96.3729170516817,86.93698574230075
16.60114073753357,30.67291910802959,-96.37291725616376,86.93297979654744
16.80082941055298,30.67291361638381,-96.37291723125539,86.93474332662299
17.00099658966064,30.67290806337423,-96.37291747835643,86.94256142806262
17.20078921318054,30.67290235173819,-96.3729175858479,86.94187884964049
17.40070676803589,30.67289682143306,-96.37291803003242,86.95264411810786
17.60072016716003,30.67289117983491,-96.37291817573202,86.96334638446569
17.80064249038696,30.67288569479819,-96.37291851189261,86.9619731977582
18.00062608718872,30.67288013594204,-96.37291904392444,86.96733701694757
18.20038437843323,30.67287463946725,-96.3729194393601,86.97244137199596
18.40042972564697,30.67286911803267,-96.3729198539196,86.97081410279498
18.6007604598999,30.67286339089239,-96.37292031485447,86.95679114712402
18.80045366287231,30.67285789010201,-96.37292055802554,86.95982778817415
19.00158286094666,30.67285232742887,-96.37292102426825,86.95074229920283
19.20163416862488,30.67284673363998,-96.37292155494359,86.94015233963728
19.40119314193726,30.67284114483236,-96.37292197115495,86.92267637699842
19.6012179851532,30.6728355103304,-96.37292257131048,86.92230266379192
19.80129718780518,30.67282995513674,-96.37292327369192,86.93744990089908
20.00099039077759,30.67282454008722,-96.37292430165198,86.95417121937498
20.20122313499451,30.67281878203131,-96.37292488120579,86.94519196730107
20.40087962150574,30.6728130900049,-96.37292590549801,86.96308409236372
20.60078525543213,30.67280759531673,-96.37292679738893,86.97395812161267
20.8008725643158,30.67280176206459,-96.3729277386487,86.98640516446903
21.00075745582581,30.67279601825276,-96.37292850521739,86.99700970062986
21.20086717605591,30.67279021756642,-96.37292952692333,87.00639203004539
21.40075826644897,30.67278428480079,-96.37293049914702,87.00305918138474
21.60071849822998,30.67277841934317,-96.37293180794506,87.02549272356555
21.80172491073608,30.67277244810765,-96.37293288805721,87.02350403089076
22.00172328948975,30.6727664864594,-96.37293424531896,87.01472357753664
22.20141744613647,30.67276058933446,-96.37293567456223,87.01557459542528
22.40138125419617,30.67275470288251,-96.37293717585295,87.01987947802991
22.60123658180237,30.67274866778968,-96.37293862328889,87.03342604683712
22.80138659477234,30.67274252240286,-96.37293998600457,87.04445511754602
23.00155401229858,30.67273638899576,-96.37294155224353,87.04237303324044
23.20136666297913,30.67273014360564,-96.37294274644276,87.06276388699189
23.40122985839844,30.67272412291704,-96.37294411178328,87.07457541907206
23.80112743377686,30.67271164258025,-96.37294717115955,87.08771189861
24.00116443634033,30.67270534629284,-96.37294862726469,87.08411399647593
24.20109581947327,30.67269907975144,-96.37295030706078,87.08203798253089
24.40092492103577,30.67269270497457,-96.37295185477004,87.08122993633151
24.60204839706421,30.67268662524094,-96.37295350989194,87.08451820816845
24.80174374580383,30.67268009452026,-96.37295484337017,87.09531773114577
25.00183391571045,30.67267378660217,-96.37295639064092,87.10287325596437
25.20192170143127,30.67266752185361,-96.3729575707364,87.12031715177
25.40189981460571,30.67266112080972,-96.37295882752282,87.15128083107993
25.60168766975403,30.67265467547534,-96.37295991384548,87.16956785693765
25.80156421661377,30.67264818311954,-96.37296146494937,87.16401145700365
26.00168204307556,30.6726413849602,-96.37296265228636,87.1460998384282
26.20145201683044,30.67263465447874,-96.37296381538034,87.1351527068764
26.40155649185181,30.6726280163159,-96.37296496284547,87.11417256528512
26.60120272636414,30.67262121819546,-96.37296619807043,87.09133048821241
26.8012912273407,30.67261442576724,-96.37296745741531,87.06056205742061
27.00143885612488,30.67260742875967,-96.37296863357827,87.02560065034777
27.20238256454468,30.67260054183681,-96.37296988105859,87.01627788413316
27.402174949646,30.6725935371161,-96.37297105182785,86.99072298686951
27.60200905799866,30.67258668495866,-96.37297191259735,86.96056445222348
27.80187249183655,30.67257964291308,-96.37297322222427,86.95910174958408
28.00186228752136,30.67257265942914,-96.37297443533582,86.96308972407132
28.20199942588806,30.67256573379333,-96.37297545321461,86.97084661014378
28.40173697471619,30.67255867812267,-96.37297654190628,86.97734788618982
28.60178732872009,30.67255148555424,-96.37297755830086,86.97019477467984
28.80166983604431,30.67254421732661,-96.37297852777191,86.97158392053097
29.00193047523499,30.67253720090198,-96.37297931447833,86.96085899230093
29.20142579078674,30.67252992257529,-96.37298023850519,86.93333750404418
29.40125966072083,30.67252275010219,-96.37298122111622,86.91780095268041
29.601154088974,30.67251541669744,-96.37298254914063,86.91413762886077
29.80217385292053,30.67250790646433,-96.3729835913782,86.9173306375742
30.00225949287415,30.67250054145223,-96.37298441277864,86.92299861088395
30.20216059684753,30.67249307607071,-96.37298535697326,86.94031714275479
30.40204858779907,30.67248553355759,-96.37298619623273,86.94262493867427
30.60213375091553,30.67247807619362,-96.37298701413995,86.95883122831583
30.80199122428894,30.67247050102964,-96.37298778547387,86.97067806683481
31.00193977355957,30.67246274435091,-96.3729885846687,86.97101342212409
31.20194506645203,30.67245496147147,-96.37298955017168,86.95636874530464
31.40186238288879,30.67244730849093,-96.37299049714318,86.94794100616127
31.60191249847412,30.67243956397406,-96.37299171553997,86.95585934724659
31.80165362358093,30.6724316875265,-96.37299268333948,86.93509393371642
32.00179576873779,30.67242390111139,-96.37299362053422,86.90513948351145
32.20178842544556,30.67241597307667,-96.37299456386809,86.8758035376668
32.40262675285339,30.67240804528035,-96.37299556172597,86.85269740782678
32.60247802734375,30.67240007030313,-96.37299661963533,86.82837646175176
32.80228996276855,30.67239227499499,-96.3729978019051,86.8208391526714
33.00236916542053,30.67238437144716,-96.37299862618671,86.82827069517225
33.20207500457764,30.67237624042202,-96.37299950520507,86.82923874631524
33.40199041366577,30.67236824660193,-96.37300076508818,86.82958071120083
33.6022789478302,30.67236034121175,-96.37300177076493,86.80284312088042
33.80217504501343,30.67235233749443,-96.37300277639706,86.77982806693763
34.00211191177368,30.67234447981086,-96.37300390125066,86.76052631065249
34.20189237594604,30.67233637886011,-96.37300505907911,86.74793013650924
34.40198731422424,30.67232839775843,-96.37300628102105,86.72368546854705
34.6019766330719,30.67232038800869,-96.37300732759304,86.69980393256992
34.80190682411194,30.67231227587581,-96.37300845037416,86.69310030248016
35.00187993049622,30.67230427282672,-96.37300953931121,86.6873169997707
35.20272374153137,30.67229633501609,-96.37301060219932,86.69226515013725
35.40255641937256,30.67228844381018,-96.37301168464074,86.69874285254627
35.6025493144989,30.67228039237767,-96.3730127260975,86.71291439700872
35.80258297920227,30.67227242264967,-96.37301395162883,86.71732348762453
36.00229001045227,30.67226436304281,-96.37301502280047,86.71689278446138
36.20218515396118,30.67225638851378,-96.37301614815141,86.70665799640119
36.40206837654114,30.67224833231125,-96.3730171484703,86.70768668223172
36.60201287269592,30.67224048451256,-96.37301834722784,86.72122788988054
36.80236601829529,30.67223247463744,-96.37301939051002,86.71829867549241
37.0023295879364,30.67222453224056,-96.37302044113927,86.7217854661867
37.20245337486267,30.67221659367077,-96.37302159566639,86.72889348957688
37.40207076072693,30.6722085603291,-96.37302262946511,86.7445360198617
37.60240244865417,30.67220077803809,-96.37302371819951,86.76918549090624
37.80179977416992,30.67219294548232,-96.37302488769831,86.76565296482295
38.00185489654541,30.67218491517871,-96.37302586429881,86.77728304173797
38.20278644561768,30.67217714504714,-96.37302701488312,86.79166274145246
38.40297102928162,30.6721692647347,-96.37302804540754,86.79235544707626
38.60293221473694,30.6721616938156,-96.37302914357849,86.79595353081822
38.80269765853882,30.67215410379558,-96.37303032706536,86.7957771923393
39.00248789787292,30.67214657859636,-96.37303152498541,86.80335722770542
39.20262336730957,30.67213913249286,-96.37303270145283,86.8218970829621
39.40246295928955,30.67213162393011,-96.37303375828385,86.83031172305346
39.60234618186951,30.6721242427192,-96.3730349285787,86.84736657794565
39.80239367485046,30.67211683975654,-96.37303608498232,86.85925661399961
40.00245976448059,30.67210959522955,-96.37303721005902,86.85614064428955
40.20219922065735,30.67210224827101,-96.37303837304124,86.87166326493025
40.40219330787659,30.67209511699159,-96.37303937182932,86.88713967893273
40.60188341140747,30.67208793677906,-96.37304056209885,86.92062722425908
40.80293750762939,30.67208101316206,-96.37304166018919,86.9315954502672
41.00300192832947,30.67207396530994,-96.3730427956157,86.93353643175215
41.20291686058044,30.67206724929612,-96.37304403161738,86.94744580518454
41.40292119979858,30.6720604184279,-96.37304503014271,86.93222073465586
41.60271334648132,30.67205365103798,-96.37304640953636,86.92684685159475
41.80251789093018,30.67204697649067,-96.37304754106349,86.92563497647643
42.00288200378418,30.67204038955641,-96.37304870870754,86.90553520759568
42.20220637321472,30.67203378124379,-96.37304985923348,86.88549481518567
42.40242028236389,30.67202752267505,-96.37305104194873,86.89573512133211
42.60225582122803,30.67202118662725,-96.37305213754887,86.89905234752223
42.80235362052917,30.67201470746019,-96.37305333090889,86.89835431892425
43.00236797332764,30.67200824933807,-96.37305459172687,86.88310996629298
43.20329594612122,30.67200212005964,-96.37305585703886,86.88462899392471
43.40305018424988,30.67199584051265,-96.37305699844191,86.87086651520804
43.60306000709534,30.67198955715842,-96.37305803593752,86.86901348922402
43.80268669128418,30.67198347582407,-96.37305920908128,86.85223455028608
44.00278472900391,30.67197738418529,-96.37306054371484,86.83686477970332
44.20290875434875,30.67197146429699,-96.37306165692601,86.83466469915584
44.40300679206848,30.6719655263422,-96.3730628155466,86.83479228708893
44.60282230377197,30.67195967549543,-96.3730639527826,86.83583174366504
44.80310583114624,30.67195380315775,-96.37306505741714,86.82732487982139
45.00268530845642,30.67194823886773,-96.37306613806571,86.83127933414653
45.20267248153687,30.67194253056863,-96.37306720348015,86.83308664010838
45.40264296531677,30.67193697730397,-96.373068487379,86.83502849237993
45.60258078575134,30.67193147560428,-96.37306978580494,86.83503608964384
45.80383682250977,30.67192617457519,-96.37307080206517,86.82762225903571
46.00306439399719,30.67192089133962,-96.37307196180433,86.8082610652782
46.20345854759216,30.671915892616,-96.37307302730289,86.8072003829293
46.40340685844421,30.67191104777299,-96.37307401946005,86.80036733811721
46.60294246673584,30.67190630360677,-96.37307510181327,86.78933380218223
46.80282187461853,30.67190205014476,-96.37307604565299,86.77564607094973
47.00318479537964,30.67189780104748,-96.37307691070872,86.7549588647671
47.20311856269836,30.67189391184652,-96.37307787337423,86.75056552561
47.40308165550232,30.67189006277654,-96.37307867634539,86.74567468045279
47.60289978981018,30.67188635604789,-96.37307981783889,86.73274216754362
47.80289220809937,30.67188285690356,-96.37308090104388,86.72928303899243
48.00268578529358,30.67187958880418,-96.37308144969066,86.72619600594044
48.20245027542114,30.67187658842741,-96.37308204479748,86.72575133782811
48.40271997451782,30.67187372888533,-96.37308299466208,86.74275104491971
48.6037871837616,30.67187085918823,-96.37308395281219,86.74227608810179
48.80349183082581,30.67186843607475,-96.3730844867019,86.73971874732524
49.00348877906799,30.67186616383661,-96.37308494032624,86.73884000931866
49.20348072052002,30.67186447619623,-96.3730855582177,86.72069734684192
49.40353560447693,30.67186284879283,-96.37308647479011,86.71486155025195
49.6033091545105,30.67186108913015,-96.37308708454896,86.7064580405131
49.8033242225647,30.67185960055546,-96.37308803811453,86.69768216239754
50.00285935401917,30.67185794159587,-96.37308874308455,86.68898640584666
50.20310163497925,30.67185628098039,-96.37308953001765,86.6765611829469
50.40309715270996,30.67185486294198,-96.37309041160294,86.66785591235384
50.60305404663086,30.67185352037226,-96.37309119741501,86.66021594929043
50.80263423919678,30.67185181673953,-96.37309192759012,86.65224394528195
51.00263071060181,30.67185016445515,-96.37309290876638,86.64755692961626
51.20413684844971,30.67184852289723,-96.37309406475886,86.6481999931857
51.40354585647583,30.67184659152253,-96.37309531251854,86.6249453133205
51.60366106033325,30.67184474825606,-96.37309683205466,86.61098464345559
51.80340623855591,30.67184266303936,-96.37309841653065,86.59810414118692
52.00354599952698,30.67184031454686,-96.3730999958799,86.56621983833611
52.2033109664917,30.67183823689721,-96.37310208608466,86.54624436353333
52.40348029136658,30.67183586811413,-96.37310439268254,86.53046550997533
52.60315632820129,30.67183333625367,-96.37310668918904,86.51102077169344
52.8033013343811,30.6718309929395,-96.37310930459425,86.48414975567721
53.00300669670105,30.6718284651357,-96.37311222366174,86.46286460501142
53.02273845672607,30.67182821668629,-96.37311252228507,86.46128249308094
53.20307803153992,30.67182596435202,-96.37311515873317,86.4467413155362
53.40315771102905,30.67182346069717,-96.37311821041486,86.42879461264238
53.60387754440308,30.67182101062579,-96.37312184785416,86.40580549812876
53.80392003059387,30.6718185197106,-96.37312570450401,86.38808227609843
54.0039439201355,30.67181616126443,-96.37312981161958,86.40102336462587
54.20351362228394,30.6718139566646,-96.3731342660672,86.38621084881015
54.4040515422821,30.67181201469406,-96.37313898915539,86.3675076093059
54.6038556098938,30.67181014828121,-96.37314395187369,86.37316473608371
54.80342316627502,30.67180813938032,-96.37314904429607,86.34982780599967
55.00343990325928,30.6718065626485,-96.37315429092634,86.3333414841909
55.20327019691467,30.67180526199018,-96.37315970398873,86.30244355206378
55.22317814826965,30.67180513741294,-96.37316026425593,86.30041596130468
55.40334677696228,30.6718039500426,-96.37316545563695,86.26903672178742
55.60349011421204,30.6718028746789,-96.37317138562403,86.26169482263504
55.80312275886536,30.67180208589402,-96.37317734679098,86.2357001567143
56.00306224822998,30.67180150628641,-96.37318362389739,86.23115788568975
56.20315670967102,30.67180114369779,-96.37318990026634,86.21599779010285
56.40418481826782,30.67180085860355,-96.3731965360398,86.20310499786865
56.60299801826477,30.67180071802937,-96.37320311278674,86.20802370458841
56.80390977859497,30.67180067627432,-96.37320970420727,86.20514746924164
57.00371909141541,30.67180100688943,-96.37321683029053,86.20792356927996
57.20453143119812,30.67180150082965,-96.37322396864994,86.196531751164
57.40394067764282,30.67180188851452,-96.37323116239268,86.18680807569763
57.60380887985229,30.67180261668426,-96.37323855971428,86.19116178766126
57.80388474464417,30.67180335744077,-96.37324601559597,86.17576775711495
58.00369477272034,30.67180406328283,-96.37325358075114,86.15150531358086
58.20345854759216,30.67180488777847,-96.37326107094701,86.12939919589553
58.40368485450745,30.67180593708624,-96.3732685899452,86.12266611761879
58.60408210754395,30.67180709820222,-96.37327621496412,86.10492650046945
58.80372214317322,30.67180796794394,-96.3732841281446,86.10999842127785
59.00313711166382,30.67180892508046,-96.37329207102717,86.1119413911365
59.2033212184906,30.67180972602013,-96.37329993836627,86.09957913903054
59.40439677238464,30.67181076707698,-96.37330800081325,86.08811408095062
59.60417747497559,30.67181171053061,-96.37331597540613,86.08062238444109
59.80421614646912,30.67181264283645,-96.37332400262744,86.06430425436702
60.00414299964905,30.67181369386422,-96.37333206221369,86.05055606423412
60.20416522026062,30.67181469266272,-96.37334026225498,86.03388166741934
60.40400624275208,30.67181563060009,-96.37334842875877,86.02028458379209
60.60396814346313,30.67181653983644,-96.37335684588362,86.00850818655454
60.80382823944092,30.67181747090949,-96.3733652095449,85.98353856801987
61.20371508598328,30.67181915483528,-96.37338179325432,85.95430456229951
61.40374350547791,30.67182005260075,-96.37339012276195,85.9392581875436
61.60337018966675,30.67182106179511,-96.37339846772385,85.91795377217932
61.80350685119629,30.67182189835122,-96.37340675616859,85.90250843670219
62.00463771820068,30.67182264738137,-96.37341474692533,85.88678355648881
62.20470762252808,30.67182345843475,-96.37342281713275,85.87120829726337
62.40452289581299,30.6718243245725,-96.37343052122843,85.87222901330097
62.60399794578552,30.67182510830335,-96.3734378704887,85.86809832131257
62.80397987365723,30.6718257576358,-96.37344533994036,85.87311274290551
63.00392150878906,30.67182642902984,-96.37345260204923,85.8836627509445
63.20411825180054,30.67182717302214,-96.37345955379733,85.89606760715833
63.40386819839478,30.67182782489842,-96.3734664766031,85.89865712070605
63.60396814346313,30.67182852572978,-96.37347345398283,85.89163497963455
63.80369091033936,30.6718291717182,-96.37347976649015,85.89525501028402
64.00368046760559,30.67182987501113,-96.37348598680651,85.89623758825473
64.2034740447998,30.67183057963937,-96.37349192458319,85.90382632351248
64.4038519859314,30.67183106271567,-96.37349723296585,85.90003954130225
64.60365843772888,30.67183151853241,-96.37350240166587,85.89888707862701
64.80477738380432,30.67183199565921,-96.37350706149492,85.89138765848475
65.00442457199097,30.67183257996376,-96.37351135084424,85.89234350679908
65.2043571472168,30.67183290823615,-96.37351523017622,85.88289449759759
65.40432715415955,30.67183338956596,-96.37351869680266,85.89171434746822
65.60418581962585,30.67183379152526,-96.37352188062518,85.88545758638065
65.80428981781006,30.67183412536087,-96.37352457230011,85.87735386088025
66.00408220291138,30.67183436631978,-96.3735269367816,85.86565891769715
66.40399384498596,30.67183474781412,-96.37353073112637,85.86379388987552
66.603919506073,30.67183498636418,-96.37353210384568,85.85739813692635
66.80381083488464,30.67183511796457,-96.37353323180605,85.85964106972096
67.00389814376831,30.6718352671629,-96.37353415509158,85.86539556412026
67.20431518554688,30.67183539268382,-96.3735349014724,85.86623442574637
67.40509104728699,30.6718354984073,-96.37353549090163,85.86492696322966
67.6046450138092,30.67183563384956,-96.37353614225931,85.87231320823776
67.80460810661316,30.67183566060012,-96.37353675703913,85.87280340929283
68.00494527816772,30.67183579487678,-96.37353729558559,85.88272442563903
68.20471215248108,30.67183589255866,-96.37353797987987,85.88499814993702
68.4043185710907,30.67183604930512,-96.37353885236246,85.89049320342019
68.60431098937988,30.67183611555688,-96.37353998241498,85.90567698795348
68.80427026748657,30.67183638151881,-96.37354154184089,85.91457953315694
69.00425267219543,30.67183646910923,-96.37354357667476,85.92087755631655
69.20446228981018,30.67183659874592,-96.37354601507506,85.9167766723549
69.40429997444153,30.6718369874693,-96.37354874248909,85.91867236272083
69.60419154167175,30.67183760014546,-96.3735519390459,85.9221076258109
69.80409622192383,30.67183809174505,-96.37355546999129,85.92753728933167
70.00414800643921,30.67183868340396,-96.37355946199168,85.92530285607791
70.20393800735474,30.67183942471573,-96.37356387165239,85.9140960292425
70.40509819984436,30.67184018853931,-96.37356862313409,85.90914706041804
70.6051766872406,30.6718409788192,-96.37357369418145,85.91715435904916
70.80498838424683,30.67184197349126,-96.37357902923506,85.92853735061362
71.00501346588135,30.67184307996811,-96.37358439545808,85.94050085672643
71.20463037490845,30.67184421647619,-96.37359008726654,85.94555008073803
71.40450549125671,30.6718455868781,-96.37359598204803,85.95356235001236
71.60433578491211,30.6718473827412,-96.37360209609032,85.95795802911744
71.80455660820007,30.67184935480466,-96.37360814944158,85.96162993344478
72.00450992584229,30.67185161361818,-96.37361424862041,85.98527616192587
72.20426797866821,30.67185433215077,-96.37362030139728,86.01094052335247
72.40408754348755,30.67185698905965,-96.37362591484518,86.02964771352708
72.60436487197876,30.67186009007269,-96.37363167006245,86.03138272464275
72.80442762374878,30.67186355761136,-96.37363740201293,86.03756998572499
73.00525856018066,30.67186742693158,-96.37364263188898,86.03844283614308
73.20513081550598,30.67187146365151,-96.37364751574418,86.0499787889421
73.40484642982483,30.67187631236343,-96.373651538396,86.05297529697418
73.60488796234131,30.67188153265525,-96.37365503344081,86.04616870498285
73.80490040779114,30.67188695544337,-96.37365817994367,86.03490308532491
74.00504660606384,30.67189244891905,-96.37366055640399,86.02189272735268
74.20479941368103,30.67189850212718,-96.37366219876793,86.03471537400037
74.4047589302063,30.67190447922906,-96.37366372315428,86.05042997607961
74.60459566116333,30.67191052404891,-96.37366486795969,86.0805746554397
74.80486559867859,30.67191654129075,-96.37366604893883,86.09453778574243
75.00469088554382,30.67192276839804,-96.37366697533928,86.07583949156106
75.20436596870422,30.67192918605746,-96.37366754734354,86.09173911856487
75.40438914299011,30.67193569571561,-96.37366801557339,86.11217450909317
75.60451006889343,30.67194231035779,-96.37366811996502,86.12125547230244
75.80540418624878,30.67194901746795,-96.37366791527428,86.12987374700606
76.00545120239258,30.67195583932811,-96.37366745238877,86.13398379366845
76.20514869689941,30.67196306674246,-96.37366695843627,86.13344285357744
76.40520811080933,30.67197034641232,-96.3736663949329,86.15030582994223
76.60525965690613,30.67197765724597,-96.37366575077492,86.15095796156675
76.80491089820862,30.67198530833235,-96.37366514068449,86.14820396155119
77.00511503219604,30.6719930774028,-96.37366441922663,86.15833391156048
77.20505881309509,30.67200085195894,-96.37366364037199,86.16495801508427
77.40488862991333,30.6720089138009,-96.37366279434082,86.17501123342663
77.60489320755005,30.67201720487558,-96.37366188873636,86.18797403294593
77.8049418926239,30.67202530639295,-96.37366091935827,86.20062370412052
78.00449299812317,30.67203366941727,-96.3736599463555,86.19782734103501
78.20586752891541,30.67204210271424,-96.37365901789912,86.20841976068914
78.40575003623962,30.67205072579483,-96.373658177979,86.2159041184932
78.60535883903503,30.67205942877521,-96.37365731077212,86.23006124515086
78.80526399612427,30.67206815657481,-96.37365634104582,86.24627416860312
79.00520443916321,30.67207689456543,-96.37365525793136,86.25861479900777
79.20557236671448,30.67208576903241,-96.37365413346051,86.26842474471778
79.40530014038086,30.67209476679083,-96.37365311134553,86.26868361886591
79.60502791404724,30.67210381135337,-96.37365195886143,86.26915043778718
80.00500965118408,30.67212173712416,-96.37364977555426,86.27603470254689
80.20487689971924,30.672130769708,-96.37364851317025,86.26214979588985
80.40506458282471,30.67213986084143,-96.37364740988309,86.26125121116638
80.60575819015503,30.67214889729328,-96.3736461613684,86.24836723599583
80.80508542060852,30.67215812505476,-96.37364512218144,86.24281704984605
81.00493192672729,30.67216727944854,-96.373644004032,86.25330182537436
81.20557141304016,30.67217647020319,-96.37364272232831,86.26232096832246
81.40564656257629,30.67218550583036,-96.37364166404345,86.28095703572035
81.60545134544373,30.67219475092079,-96.37364055268878,86.28407828975469
81.80546379089355,30.67220397939497,-96.37363943419548,86.28872042894363
82.0053915977478,30.67221310707986,-96.37363814711577,86.30125848669559
82.20536971092224,30.672222351218,-96.37363716387254,86.32049959618598
82.40536975860596,30.67223159375128,-96.37363604672537,86.33446853328496
82.60497999191284,30.67224081803517,-96.37363499715238,86.35181522555649
82.805011510849,30.67224976725657,-96.3736337474255,86.37013241834939
83.00491857528687,30.67225897488893,-96.37363256007727,86.37723487149924
83.20514416694641,30.67226797163408,-96.3736314586065,86.38912611175328
83.40494155883789,30.67227709304649,-96.37363043495792,86.38460322935134
83.60614204406738,30.67228618407591,-96.3736293141709,86.38876020815223
83.80597138404846,30.6722949791281,-96.3736280908102,86.40918181929737
84.00596928596497,30.67230388084205,-96.37362683343525,86.41968611162156
84.20589923858643,30.67231296842179,-96.37362576603329,86.43053537141532
84.4055609703064,30.67232193611412,-96.37362464548755,86.44817294087261
84.60543656349182,30.6723308846258,-96.37362364786426,86.46613727044314
84.80537390708923,30.67233997333665,-96.3736223676561,86.48108327575028
85.00570607185364,30.67234910532573,-96.37362129980924,86.49082830827683
85.20563960075378,30.67235825389278,-96.37362019286419,86.4987373361364
85.40544056892395,30.67236749661355,-96.37361917517464,86.50480115786195
85.6049792766571,30.67237657410912,-96.37361807358572,86.51314811315387
85.80520057678223,30.67238564840146,-96.37361695899949,86.52259583584964
86.005047082901,30.67239468411826,-96.37361564985773,86.54686225950718
86.20616579055786,30.6724036256547,-96.37361412952761,86.55327057652175
86.40599679946899,30.67241289781986,-96.37361296218576,86.56255305279046
86.60618209838867,30.67242217433139,-96.37361187749534,86.58447349164635
86.80608129501343,30.67243135985508,-96.37361037494631,86.58396080136299
87.00608897209167,30.67244072481672,-96.37360887285793,86.57984330877662
87.20560812950134,30.67245019366753,-96.3736075238433,86.56640072260052
87.40586519241333,30.67245964700344,-96.37360604979368,86.55883061792701
87.60578775405884,30.67246908421892,-96.37360434924449,86.55003393813968
87.80539751052856,30.67247858388964,-96.37360282107922,86.55069792829454
88.005446434021,30.67248810485289,-96.37360132755093,86.54870810545981
88.20540833473206,30.67249744608269,-96.37359959306502,86.5461790272966
88.40549969673157,30.67250673864132,-96.3735978672339,86.54122306406498
88.60639834403992,30.67251594640879,-96.37359627358079,86.53325578290969
88.80636286735535,30.67252515579401,-96.37359456546024,86.52674737945199
89.00623631477356,30.6725343656085,-96.37359291354686,86.53450746275485
89.20606970787048,30.67254342147149,-96.37359130369849,86.52182982861996
89.40601682662964,30.67255252240863,-96.37358972714827,86.50657553505152
89.80611634254456,30.67257037958138,-96.37358649344976,86.48563855141401
90.0058650970459,30.67257920570834,-96.3735849749292,86.46424449793994
90.20579266548157,30.67258780071094,-96.37358344825945,86.44983790256083
90.40546631813049,30.67259638301404,-96.37358154436146,86.41730791609734
90.60546660423279,30.67260487042686,-96.37358003131291,86.40576682891697
90.80567932128906,30.6726133316252,-96.37357863596134,86.40464071370661
91.0056939125061,30.67262152383337,-96.37357705877956,86.41990414634347
91.20551371574402,30.67262992006134,-96.37357556825935,86.41985344048589
91.40634298324585,30.67263839183246,-96.37357389490049,86.41693331021816
91.60618805885315,30.67264666761893,-96.37357257184576,86.42206211108714
91.8061203956604,30.67265478713552,-96.37357088148227,86.42739978525788
92.00611519813538,30.67266302091328,-96.37356930389917,86.42591155692935
92.2061243057251,30.67267158707653,-96.37356779472483,86.42358615994453
92.40614914894104,30.6726802410034,-96.37356610979954,86.43806316703558
92.60617733001709,30.67268914531896,-96.37356428560631,86.43824669253081
92.80608487129211,30.67269804695718,-96.37356218008067,86.44532142858952
92.82605290412903,30.67269894716337,-96.37356195142618,86.44283761829138
93.00611996650696,30.67270716245897,-96.37356001136105,86.43491046782583
93.20565176010132,30.67271634766515,-96.37355701813692,86.41512422263622
93.4059157371521,30.67272565285086,-96.37355396625382,86.41807062365115
93.60574102401733,30.67273489236058,-96.37355104710188,86.41779039986432
93.80558085441589,30.67274423175279,-96.37354753755555,86.42124139238149
94.00646090507507,30.67275378455712,-96.37354391716298,86.4332754034549
94.20635223388672,30.67276327866253,-96.37354016072074,86.44158827513456
94.40642499923706,30.67277288833151,-96.37353623105435,86.46104188263416
94.60631728172302,30.67278240252635,-96.37353201835711,86.46039524953812
94.80630373954773,30.67279198417677,-96.37352799496026,86.48257905989885
95.00636053085327,30.67280169772692,-96.37352401023035,86.47842137422413
95.20620799064636,30.67281151934977,-96.37352011787159,86.47706078737974
95.40653371810913,30.67282164315495,-96.37351644052008,86.48752743937075
95.60590648651123,30.67283166578451,-96.37351312683721,86.47649956960231
95.80596733093262,30.67284160884509,-96.37350980248732,86.50141838751733
96.00604152679443,30.67285147355139,-96.37350640188301,86.49376979656518
96.20575594902039,30.67286146319332,-96.37350310453402,86.47996236663312
96.40572190284729,30.67287170591578,-96.37350030844475,86.51181380078197
96.60606575012207,30.67288213142481,-96.37349754839302,86.50929410755634
96.8065881729126,30.67289209575716,-96.37349501731232,86.51758470200002
97.0068473815918,30.6729025468189,-96.37349291120965,86.52547566685826
97.20685958862305,30.67291262726705,-96.37349058674661,86.51529559120536
97.40681719779968,30.67292307243554,-96.37348896507595,86.52225410751998
97.60629081726074,30.67293330573865,-96.37348692231518,86.52117875311524
97.80627846717834,30.67294340703813,-96.37348519135519,86.50741028878838
98.00642585754395,30.67295353339497,-96.37348367017198,86.49824641551822
98.20613765716553,30.67296382870831,-96.37348259120527,86.49768472183496
98.40653133392334,30.6729741304223,-96.3734812235198,86.49074406828731
98.60687875747681,30.67298452155329,-96.37348046718681,86.49080066010356
98.8063702583313,30.67299473008618,-96.37347953195329,86.49589459598064
99.00639581680298,30.67300498387725,-96.37347859357578,86.48676505871117
99.20593762397766,30.67301524658417,-96.37347775063395,86.48629842884839
99.40622901916504,30.67302552181,-96.37347667202071,86.48951505776495
99.60703730583191,30.67303563603467,-96.37347562958165,86.53242109157145
99.80687689781189,30.67304526864031,-96.37347476128997,86.55468831863254
100.0066256523132,30.67305471537152,-96.37347352527216,86.56889390479773
100.2066128253937,30.67306398534986,-96.37347247859046,86.58028218429536
100.4069271087646,30.67307292996792,-96.373471268573,86.57912233285606
100.606498003006,30.67308196910601,-96.37347072585639,86.58586282934994
100.8064200878143,30.67309068853405,-96.37347022668966,86.61458993889391
101.0065877437592,30.67309911675321,-96.37346935709265,86.62668188754469
101.2063465118408,30.67310695204523,-96.37346839222755,86.63108947314322
101.4062147140503,30.67311414092408,-96.37346754727299,86.62358772661537
101.6061325073242,30.67312125733596,-96.37346654839618,86.62264991179109
101.8063359260559,30.67312743913835,-96.37346593723127,86.61567434156314
102.0061681270599,30.67313359581076,-96.37346507756425,86.63327704882249
102.2074995040894,30.67313900507152,-96.37346433674018,86.64124668575823
102.4071507453918,30.67314455814116,-96.3734637533272,86.63020637491718
102.6068730354309,30.67315016086082,-96.37346347922146,86.61338954279199
102.8070986270905,30.67315505771175,-96.37346247916501,86.59641475975513
103.0069062709808,30.67316017048504,-96.37346187548795,86.55907977931201
103.2065148353577,30.673165208301,-96.37346102802375,86.53642296604812
103.4065542221069,30.67317011209266,-96.37346078388441,86.49874582374468
103.6063883304596,30.67317486661214,-96.37346030246785,86.47074721893296
103.8066759109497,30.67317939284499,-96.37345922027225,86.46059184614569
104.006756067276,30.67318360877921,-96.37345870856829,86.44729794142768
104.2063231468201,30.67318773084292,-96.37345768262972,86.42561374697834
104.4065282344818,30.67319204894788,-96.37345682515695,86.43799174204469
104.6062190532684,30.67319653168898,-96.37345651661775,86.43460479425266
104.6261246204376,30.67319695487307,-96.37345644529337,86.4319029962644
104.8061263561249,30.67320059973898,-96.3734555001228,86.43779385415837
105.0072033405304,30.67320497127172,-96.373455087812,86.41788051929325
105.2069728374481,30.67320961836871,-96.37345467428408,86.42004657536745
105.4068264961243,30.67321378731896,-96.37345389843618,86.40296045411378
105.6070110797882,30.67321821737522,-96.37345349608941,86.39800739940256
105.6267108917236,30.67321866560582,-96.3734534243262,86.39524289639667
105.8067200183868,30.67322281301962,-96.3734526716766,86.42564097046852
106.0067114830017,30.67322715352029,-96.3734520987521,86.45749580860138
106.0265822410583,30.6732276205565,-96.37345202459886,86.45494776964188
106.2067193984985,30.67323161137912,-96.37345113960362,86.49024817021564
106.406564950943,30.67323628471085,-96.37345050126899,86.50998518289998
106.6064808368683,30.67324134035898,-96.37344995605332,86.53393258852884
106.8067836761475,30.67324652223368,-96.37344913588971,86.55602283263579
107.006441116333,30.67325154467968,-96.37344813342945,86.58158390922472
107.2064266204834,30.67325645496009,-96.37344767190061,86.61879121046513
107.4063220024109,30.67326144913364,-96.3734470520902,86.62450060248375
107.6074013710022,30.67326639031133,-96.37344638592388,86.62046437058598
107.8071022033691,30.67327110016736,-96.37344573230752,86.62403251649812
108.007319688797,30.67327572659559,-96.37344509872433,86.61686956742778
108.2070977687836,30.67328015571881,-96.37344431906153,86.61496346769854
108.4074702262878,30.6732843817935,-96.37344373805102,86.62331122998148
108.6073496341705,30.67328854743031,-96.37344290965862,86.6425323667936
108.8071718215942,30.67329320589377,-96.37344232660273,86.65120207564905
109.0068881511688,30.67329782418212,-96.37344177289197,86.64110185392201
109.2071740627289,30.67330273932353,-96.37344117818083,86.62864202866331
109.4071292877197,30.67330772256398,-96.37344046054956,86.64084691787139
109.6070032119751,30.67331280050494,-96.37343974820969,86.66054711397737
109.8070225715637,30.6733179936796,-96.37343878834432,86.65564351016656
110.0064883232117,30.67332348406821,-96.37343805706824,86.65415462339297
110.2067427635193,30.67332887092747,-96.37343712674851,86.65321134217083
110.2276287078857,30.67332939916083,-96.37343703915661,86.65099145192653
110.4077849388123,30.67333390204326,-96.3734359974415,86.62701134989038
110.607542514801,30.67333925369955,-96.37343532772556,86.6098789521493
110.8075776100159,30.67334474151099,-96.37343433747041,86.60399771109223
111.0075991153717,30.67335022270265,-96.37343322736278,86.57259229384363
111.2074394226074,30.67335520488586,-96.37343244942247,86.56919016828761
111.407541513443,30.67336013294731,-96.37343117135283,86.5474086208269
111.607275724411,30.67336517885011,-96.37343017949043,86.54758179187775
111.807382106781,30.67337044916265,-96.37342940392143,86.53731354000047
112.0070950984955,30.6733750563129,-96.37342825713623,86.5271264500916
112.2068061828613,30.67337978434557,-96.37342672229602,86.51717808935791
112.4069950580597,30.67338439143404,-96.37342513823079,86.50136628886685
112.6079506874084,30.67338962904929,-96.37342398904431,86.48745189560577
112.8079791069031,30.67339477987462,-96.37342285009809,86.48575015226379
113.0077834129333,30.67339957469161,-96.3734211952912,86.50690423790365
113.2079286575317,30.67340473041136,-96.37341972329831,86.51173432124779
113.4077401161194,30.67340922861632,-96.37341757631984,86.54172659665346
113.6073837280273,30.67341412161113,-96.37341602625617,86.55722833471373
113.807540178299,30.67341823916238,-96.37341424904551,86.59427983872592
114.0076079368591,30.67342231707787,-96.37341269164743,86.62912439741194
114.2071886062622,30.67342697445908,-96.37341062894869,86.62972990004346
114.406970500946,30.67343099733965,-96.37340810203531,86.62696381099522
114.6069931983948,30.67343437897133,-96.37340613397136,86.64999553374946
115.0070958137512,30.67344149941488,-96.37340251365315,86.57215338968672
115.2067930698395,30.67344465260553,-96.37340121845298,86.50439156475477
115.4080579280853,30.6734475411197,-96.37340004523342,86.4532697214745
115.6076109409332,30.67344996317944,-96.37339920435053,86.40688158222474
115.8075790405273,30.67345196750447,-96.37339834652335,86.39791429345496
116.0074896812439,30.67345344938931,-96.37339704897916,86.39237433183007
116.2076404094696,30.67345489448562,-96.37339641966312,86.40149890643079
116.4073793888092,30.67345596684,-96.37339566430018,86.40808139322326
116.4272255897522,30.67345608069161,-96.37339559747875,86.40511139947921
116.6072235107422,30.6734571632528,-96.37339499754462,86.41551321640145
116.8073720932007,30.67345835336015,-96.37339433363444,86.41268670442514
117.0070195198059,30.67345921603527,-96.37339335891271,86.40179249685025
117.2070875167847,30.67346011164993,-96.37339272144963,86.41509705630597
117.4069554805756,30.67346137031835,-96.37339228212629,86.39581388235092
117.6071186065674,30.67346257066999,-96.37339194345148,86.40660396474414
117.8080501556396,30.67346348756085,-96.37339100416079,86.41980773641262
118.0079801082611,30.67346471379227,-96.37339029025114,86.44850672280882
118.2080366611481,30.67346628755346,-96.37338959193038,86.47256476362236
118.40811419487,30.67346767547631,-96.37338849424728,86.46623298781924
118.607901096344,30.6734698332127,-96.37338758545997,86.46495901839808
118.8077223300934,30.67347206009048,-96.37338633927506,86.48482374823652
119.0077364444733,30.67347453637761,-96.37338498631752,86.50988716492429
119.2074553966522,30.67347737552752,-96.37338357878046,86.54950053454377
119.4074342250824,30.67348001429876,-96.37338238241058,86.60425331071019
119.6072578430176,30.67348279998086,-96.37338105158281,86.66302497708239
119.8074679374695,30.67348557155464,-96.37337932792835,86.67574538802728
120.0084135532379,30.67348835106266,-96.37337788046575,86.72804222325794
120.2078738212585,30.67349092566678,-96.37337649284287,86.77753031300381
120.4081928730011,30.67349358792171,-96.3733751171978,86.80616845702752
120.607809305191,30.67349605345152,-96.37337403197131,86.8308761799708
120.808198928833,30.67349844764574,-96.37337283515205,86.8181526651606
121.0078179836273,30.6735008107677,-96.37337197183885,86.80586227378808
121.2078998088837,30.67350300575472,-96.37337146324505,86.79218017798848
121.4077773094177,30.67350502696882,-96.37337099314522,86.77224998478778
121.6080210208893,30.67350658186034,-96.37337061522538,86.7575361544732
121.8074395656586,30.67350800557046,-96.37337051774421,86.76959792908747
122.0077619552612,30.67350886652332,-96.37337027334254,86.7775080804131
122.2077331542969,30.6735094520848,-96.37337003052632,86.79724014637759
122.407653093338,30.67350995355109,-96.37337016598299,86.80032796843443
122.6084861755371,30.67351040040728,-96.37336999918344,86.80525659717387
122.8084197044373,30.67351061574228,-96.37337009982552,86.80546915507875
123.0084114074707,30.67351076483164,-96.37337023575969,86.80531475169118
123.2079758644104,30.67351079527974,-96.37337032786589,86.79923714476172
123.4084024429321,30.67351081830608,-96.37337047477173,86.79419073293684
123.608279466629,30.67351081559443,-96.37337058232136,86.79124292873894
123.8082582950592,30.67351083478199,-96.37337064562132,86.78450261312537
124.0082411766052,30.67351089878105,-96.37337067342828,86.77531043376075
124.2082331180573,30.67351117764954,-96.3733707483656,86.77324311053962
124.408013343811,30.67351172638272,-96.37337070310038,86.76865988841746
124.6079640388489,30.67351254199431,-96.37337033540672,86.770094575244
124.8082485198975,30.67351377425041,-96.37337009039733,86.76412521710154
125.0079238414764,30.67351562502342,-96.37336976251676,86.77859233040363
125.2078235149384,30.67351767879947,-96.37336876073094,86.77557858126238
125.4075083732605,30.67352040722266,-96.37336780060576,86.75937693775631
125.6085784435272,30.67352349904489,-96.3733669597661,86.77526377770118
125.8082780838013,30.67352676332597,-96.3733659835089,86.79716553911567
126.0081214904785,30.67353022503389,-96.37336489176158,86.81909040128812
126.2082223892212,30.67353404173467,-96.37336344486198,86.84043966373429
126.4081025123596,30.67353790962454,-96.37336221162575,86.85435755411163
126.6080334186554,30.67354200754317,-96.37336077800884,86.86541764531285
126.8079481124878,30.67354613404847,-96.37335923858899,86.87522981036454
127.0082015991211,30.67355036693822,-96.37335778903331,86.87870938749984
127.2082116603851,30.67355478613134,-96.37335636428216,86.87613962264732
127.4080727100372,30.6735587396289,-96.37335490191441,86.88278022781014
127.6080684661865,30.67356273441273,-96.37335348946442,86.87385519128293
127.8077244758606,30.67356658407463,-96.37335219998181,86.86643830314279
128.0088467597961,30.67357023288968,-96.3733509558361,86.87827625591308
128.2087869644165,30.67357387481603,-96.3733501075361,86.86320281587541
128.4084026813507,30.67357704087983,-96.37334917738215,86.84600834921002
128.6087136268616,30.67358024122612,-96.3733483834493,86.81860890449025
128.8086688518524,30.67358275548236,-96.37334740422492,86.79905337188393
129.0085685253143,30.67358497071132,-96.37334652028946,86.77981015644036
129.2080824375153,30.67358698938876,-96.37334592835914,86.7505612608511
129.4082131385803,30.67358870274649,-96.37334557549184,86.72404731193092
129.6082546710968,30.6735898096753,-96.37334499872907,86.6939298666548
129.8083820343018,30.67359075676589,-96.37334453391531,86.67667182174046
130.0083487033844,30.67359170652916,-96.37334429757435,86.64415027073119
130.2082109451294,30.67359276131165,-96.37334392673765,86.62860813090811
130.408102273941,30.67359392353734,-96.37334372353234,86.61865952785593
130.6081292629242,30.67359519749719,-96.37334329427385,86.612566595315
130.808619260788,30.6735966071776,-96.37334296369158,86.59328313684091
131.0088889598846,30.67359839746547,-96.37334247462825,86.57849703426473
131.2086200714111,30.67360058078609,-96.37334177550771,86.56433201162145
131.4085586071014,30.67360291167429,-96.37334074999077,86.57253261771984
131.608496427536,30.6736057867061,-96.37333973449246,86.57274344004691
131.8086915016174,30.67360899090897,-96.37333847373883,86.56603677943349
132.0083796977997,30.67361253920773,-96.37333687457003,86.53843280952424
132.2090845108032,30.67361626700571,-96.37333496313065,86.51848394237459
132.408481836319,30.67362011890018,-96.37333278711297,86.50131287798285
132.6084339618683,30.67362443074427,-96.37333042068032,86.46733713848516
132.8080961704254,30.67362881317602,-96.37332754573592,86.45274046761915
132.8278930187225,30.67362925054728,-96.37332723828841,86.4510606857948
133.0080876350403,30.67363327131381,-96.37332459343476,86.42540039680898
133.2090766429901,30.67363775114529,-96.37332121712174,86.42001052759588
133.4090166091919,30.67364215295682,-96.37331747250991,86.40062960051
133.6088051795959,30.67364633230315,-96.37331324961326,86.37476598657668
133.8087131977081,30.67365055693642,-96.37330866155807,86.34760155016556
134.0090756416321,30.67365448796995,-96.37330352446584,86.32963825156912
134.2087762355804,30.67365829542266,-96.37329839577572,86.32216356880963
134.4088697433472,30.67366179026367,-96.37329326516912,86.31534021766856
134.6087868213654,30.6736647505603,-96.37328757748135,86.30823590327054
134.8089785575867,30.6736674748149,-96.37328183732578,86.30061073577963
135.0087380409241,30.6736699158906,-96.37327602343223,86.28950925194658
135.2087917327881,30.67367200262649,-96.37326986581337,86.26639088848606
135.4086997509003,30.67367393780498,-96.37326352270102,86.24640068272129
135.6081991195679,30.67367568839356,-96.37325719995935,86.21908053127117
135.808477640152,30.67367718820593,-96.37325083017349,86.19158237834927
136.008531332016,30.6736783819254,-96.3732441672238,86.15915176353883
136.2081487178802,30.67367933137623,-96.37323751820499,86.13559552736115
136.4089522361755,30.67368007376531,-96.37323070736853,86.12313734274358
136.609454870224,30.67368065313045,-96.37322394334882,86.10753163171466
136.8089594841003,30.67368100535912,-96.3732170654051,86.08444737363607
137.0091581344604,30.67368112145097,-96.37321006914389,86.06605664512608
137.2087106704712,30.67368124557694,-96.37320262036859,86.0400103823049
137.4086427688599,30.67368136901519,-96.37319531340627,86.02598311152542
137.6090247631073,30.67368117976988,-96.37318825384764,86.00903518567793
137.8089971542358,30.67368098825511,-96.37318103076301,86.0015196990571
138.008455991745,30.67368073739322,-96.37317375842152,85.99166827794397
138.2084050178528,30.6736802060008,-96.37316664831189,85.98716918914579
138.4084045886993,30.67367979657031,-96.37315958547926,85.98406102776062
138.4282619953156,30.67367974098977,-96.37315886746816,85.98259146290366
138.6083223819733,30.67367898531671,-96.37315242625482,85.97098698886111
138.8081617355347,30.67367832727098,-96.37314526188925,85.94326394359814
139.00816822052,30.67367758564644,-96.37313819670761,85.92145064851502
139.2092192173004,30.6736770110101,-96.3731312089575,85.90568720625015
139.4100162982941,30.67367674281706,-96.3731239005576,85.88809392845724
139.609118938446,30.67367606870448,-96.37311685097633,85.87357714516111
139.8089265823364,30.67367538689111,-96.37310999404164,85.86249377473723
140.0088975429535,30.67367472665786,-96.37310303679772,85.83782237378182
140.2087738513947,30.67367375587242,-96.3730962531294,85.83233736094553
140.4086964130402,30.67367304954621,-96.37308971147662,85.81732634175569
140.6088194847107,30.6736722345651,-96.37308314126309,85.8137316419743
140.6285855770111,30.67367216423378,-96.37308249012331,85.81175441876985
140.8086009025574,30.67367151520059,-96.37307656352952,85.81374363065697
141.0085928440094,30.67367075769859,-96.37307015197423,85.81449035787955
141.2084639072418,30.67367025847125,-96.37306409701618,85.82167136087082
141.4083638191223,30.67366953965191,-96.37305799876191,85.8304018038325
141.6082966327667,30.67366882360778,-96.37305181643926,85.85193876549602
141.8092570304871,30.6736682650039,-96.37304568290675,85.86222209443804
142.0093035697937,30.67366750640866,-96.37304000238865,85.87793938594405
142.2093405723572,30.67366686036205,-96.3730345975716,85.88608109136112
142.4093198776245,30.67366621861436,-96.37302917644409,85.90375024493551
142.6091454029083,30.67366572362042,-96.37302408054578,85.92877298325766
142.8093206882477,30.67366511034693,-96.37301949527517,85.9369363230071
143.0089597702026,30.67366455781342,-96.37301488085198,85.94887404737528
143.2091476917267,30.67366393500912,-96.37301045925969,85.96621680783574
143.4091331958771,30.67366349303266,-96.37300602551397,85.96187373728026
143.6090421676636,30.67366314818975,-96.37300174728932,85.98888854362303
143.8089959621429,30.67366263983171,-96.37299751015564,86.00361866911408
144.0090193748474,30.67366217886067,-96.37299334437438,86.01471396913985
144.2089684009552,30.67366183981614,-96.3729892757445,86.02646454266505
144.4086735248566,30.67366143109191,-96.37298549662772,86.04397601087112
144.6096820831299,30.67366096590219,-96.37298168595864,86.05922736908542
144.809627532959,30.67366074609994,-96.37297802785672,86.0735892180237
145.0094285011292,30.67366026385137,-96.37297461265371,86.08996216382366
145.2095668315887,30.67366000659707,-96.37297132250987,86.08183573331917
145.4092981815338,30.67365977839185,-96.37296809510489,86.09017687384039
145.6092648506165,30.67365940003307,-96.37296485320324,86.11518105299911
145.809544801712,30.67365898499816,-96.37296154453956,86.11932417639764
146.2090463638306,30.6736582204468,-96.37295532619787,86.12302471155999
146.608934879303,30.67365728790222,-96.37294954357884,86.10302824317478
146.8101832866669,30.67365695906782,-96.37294676310836,86.10070529917721
147.0098226070404,30.67365668693668,-96.37294420421208,86.09527125244495
147.2097547054291,30.6736563353322,-96.37294186638819,86.11293870047666
147.4094326496124,30.67365607070742,-96.37293940200985,86.11609490646515
147.6095323562622,30.67365582600359,-96.37293705141653,86.12070540181594
147.8096985816956,30.67365550950618,-96.3729350692673,86.1250901123276
148.0093579292297,30.67365519536993,-96.37293295178017,86.13580012775492
148.2091450691223,30.67365477240472,-96.37293098773105,86.13928664417472
148.4091296195984,30.67365447922096,-96.37292941329207,86.14774626042345
148.6092057228088,30.67365404603414,-96.37292805517318,86.14711270894622
148.8094596862793,30.67365383618919,-96.37292658520843,86.15304240339901
149.009069442749,30.67365364833864,-96.37292525930414,86.16419428092195
149.2090537548065,30.67365356295236,-96.37292395474981,86.16517181682866
149.4093430042267,30.67365342364322,-96.37292284440765,86.16835593461292
149.6102359294891,30.67365313715008,-96.37292197439751,86.16007116122637
149.8098523616791,30.67365300849572,-96.37292095835475,86.16053836833453
150.0101306438446,30.67365293434975,-96.37291988905609,86.14971791440621
150.0300095081329,30.67365292270412,-96.37291980281614,86.14805401244666
150.209676027298,30.67365268740783,-96.372919145921,86.1521414888557
150.410010099411,30.67365264025676,-96.37291825162768,86.16091518150643
150.6098554134369,30.67365256756703,-96.37291763537176,86.16252349154092
150.8094940185547,30.67365241656802,-96.37291718456673,86.16108224896016
151.009369134903,30.6736522582504,-96.37291682873922,86.1596394815133
151.2092258930206,30.67365224901002,-96.37291644891577,86.16241369681666
151.4092614650726,30.6736521768421,-96.37291631169542,86.16635279112961
151.6093649864197,30.67365217386249,-96.37291613102691,86.16563794354443
151.8093869686127,30.67365211851487,-96.37291608164398,86.17106909787981
152.0095083713531,30.67365212112565,-96.37291602327086,86.1762372389785
152.2095205783844,30.6736521118023,-96.37291598831361,86.17578527814476
152.4104652404785,30.67365209501108,-96.37291595897733,86.17654912633589
152.6102769374847,30.67365203726797,-96.37291599515467,86.172786617768
152.8102459907532,30.6736520109469,-96.37291597186191,86.16731108888052
153.0102434158325,30.67365198464118,-96.37291592568648,86.16318279725965
153.2100832462311,30.67365198342998,-96.37291594820597,86.16136023739818
153.4099752902985,30.67365204094712,-96.37291590963454,86.1760396483005
153.6097497940063,30.67365198576217,-96.37291588004123,86.17698172258679
153.8097214698792,30.6736519558482,-96.3729158756617,86.17519335460383
154.0097858905792,30.6736519810424,-96.37291585899209,86.18569143267814
154.2098248004913,30.67365195161065,-96.37291583424462,86.18681978184031
154.4097561836243,30.67365194191733,-96.37291579977553,86.19707029860001
154.6098096370697,30.67365199788157,-96.37291568428783,86.21345516375732
154.8093514442444,30.67365190864751,-96.37291579354742,86.22930922516389
155.0104987621307,30.67365187976796,-96.3729157391065,86.23891651676968
155.2102909088135,30.67365191211808,-96.3729156824249,86.24996879557148
155.4104194641113,30.67365196654758,-96.37291564972475,86.25286057882477
155.6102540493011,30.67365197263083,-96.37291555941167,86.24759509286378
155.8105216026306,30.6736518976648,-96.37291542641998,86.24931314180139
156.0102255344391,30.67365190326591,-96.37291536977219,86.24993093934609
156.2101235389709,30.67365201408705,-96.37291529202906,86.25886279018596
156.4101481437683,30.6736520008878,-96.37291522107223,86.2601572345593
156.6098954677582,30.67365188456994,-96.37291512908503,86.27556002466008
156.8096823692322,30.67365184212539,-96.37291516084441,86.28525303571951
157.0098011493683,30.67365185258831,-96.37291516122225,86.28667459415738
157.2112956047058,30.67365186600978,-96.3729148941536,86.29435712093255
157.4106922149658,30.67365181801093,-96.37291491056489,86.29421455832198
157.6103553771973,30.67365188109556,-96.37291494493604,86.31244264601264
157.8102750778198,30.67365192840162,-96.37291475494362,86.32044511882123
158.0101647377014,30.67365177944902,-96.37291513266157,86.32320204842836
158.2106037139893,30.67365184557877,-96.372915073434,86.32977407850558
158.4106252193451,30.67365173347855,-96.37291483235823,86.3382551248651
158.6103281974792,30.67365158865885,-96.37291457884514,86.35012211522553
158.8106656074524,30.67365158687209,-96.37291447823985,86.36155915714335
159.0102205276489,30.67365149926811,-96.37291436331634,86.37596498755738
159.2102246284485,30.67365148096124,-96.37291423083309,86.38729910145048
159.4101026058197,30.67365144558135,-96.37291426434786,86.40391910495237
159.609658241272,30.67365143187068,-96.37291420963895,86.41612526006065
159.8098928928375,30.67365144284209,-96.37291414615237,86.41912811348448
160.010977268219,30.67365145293591,-96.37291403788038,86.42270454065874
160.2106266021729,30.67365141464157,-96.37291402839605,86.43167446705047
160.410813331604,30.67365141567797,-96.37291394692861,86.44546389847528
160.610687494278,30.6736513696767,-96.37291390840498,86.46797129209153
160.8106288909912,30.6736513190686,-96.37291394117437,86.47475926141487
161.0104460716248,30.67365133358825,-96.37291392624427,86.47711658873595
161.2105298042297,30.67365135674015,-96.3729138378597,86.47976052784361
161.4105741977692,30.67365136613886,-96.37291386847888,86.47811665595509
161.6102676391602,30.67365133833257,-96.37291390178555,86.48942544951569
161.8103370666504,30.6736513851433,-96.37291377094969,86.50115914095659
162.0102348327637,30.67365146985612,-96.37291386948657,86.52542713657022
162.2100796699524,30.67365149073144,-96.37291379264204,86.54711119190324
162.4101803302765,30.67365155931772,-96.37291369809354,86.56691753602354
162.6100387573242,30.6736515805351,-96.37291366669362,86.58691664459184
162.8108656406403,30.67365159631311,-96.37291361590739,86.60317598772235
163.0109384059906,30.67365163951844,-96.37291358065325,86.62762159958947
163.2108128070831,30.67365160693031,-96.37291360584679,86.64953122634324
163.410787820816,30.67365167421155,-96.37291350022977,86.65277381963097
163.6106810569763,30.67365163495594,-96.37291347432368,86.65922530839453
163.8106050491333,30.67365167966528,-96.37291351299825,86.6649688630423
164.0105376243591,30.67365176141957,-96.37291352195605,86.67337668559048
164.210343837738,30.67365181451513,-96.37291349645089,86.67996062117163
164.4104857444763,30.67365186065262,-96.37291347186687,86.68936796375783
164.6104428768158,30.67365195099651,-96.37291353753757,86.69901444576681
164.810076713562,30.6736519771399,-96.37291352054383,86.72436469484819
165.0103199481964,30.67365201695134,-96.3729134196672,86.73538858396932
165.2101769447327,30.67365210967967,-96.37291344091703,86.74825167167
165.4102838039398,30.67365217533328,-96.37291338070392,86.76695757627022
165.6108868122101,30.67365223453529,-96.37291335975831,86.78537583397701
165.8109242916107,30.67365230062101,-96.37291337394009,86.80643492328818
166.0109376907349,30.67365240715076,-96.37291329641006,86.82616287350538
166.2105844020844,30.67365244206313,-96.37291324300666,86.84620111397817
166.4108746051788,30.67365249102297,-96.37291319170954,86.8635257347778
166.6108596324921,30.67365254696402,-96.37291323290516,86.88193518901244
166.8109755516052,30.67365258071314,-96.37291321186386,86.90041752922116
167.0104279518127,30.67365257959379,-96.37291321227457,86.92316704490804
167.2106955051422,30.67365267457484,-96.37291317497358,86.93450536153978
167.4104187488556,30.67365271568746,-96.37291321139115,86.94946806377266
167.6103336811066,30.67365279667782,-96.3729131770001,86.96166257426376
167.8102562427521,30.67365280280631,-96.37291325014354,86.98260733680218
168.0104379653931,30.67365283460859,-96.37291328284844,87.00106328591937
168.2103440761566,30.67365293214927,-96.37291328389308,87.02077710075537
168.4110791683197,30.67365301054083,-96.37291328828073,87.03183520329185
168.6113343238831,30.67365303524315,-96.37291331677901,87.03751498405472
168.811021566391,30.67365312635643,-96.37291331860402,87.05674794781953
169.0111191272736,30.67365319081499,-96.3729133237827,87.07264721769025
169.2111086845398,30.67365325022012,-96.37291336140126,87.08933659139439
169.4108102321625,30.67365336135695,-96.37291324384026,87.10627021282562
169.6109907627106,30.67365338438455,-96.3729132546011,87.11897929917905
169.8106439113617,30.67365337710113,-96.37291340185838,87.1367954511079
170.0106985569,30.67365350871819,-96.37291335680683,87.15747242368525
170.0306119918823,30.67365351072111,-96.3729133563503,87.15621880796971
170.2106418609619,30.67365348640579,-96.37291332673827,87.17113887568121
170.4105002880096,30.6736535507306,-96.37291326619953,87.1846999792906
170.6106705665588,30.67365361556422,-96.37291329858326,87.20265298895538
170.8105609416962,30.67365365683464,-96.37291331058726,87.22016367514152
171.0116801261902,30.67365370044,-96.37291327978616,87.23636492111837
171.2114911079407,30.67365374295612,-96.37291324167479,87.25538231519749
171.411449432373,30.67365381823095,-96.37291327184106,87.27800337527879
171.6112778186798,30.67365384837651,-96.37291330396459,87.29707803431666
171.8111100196838,30.67365388187514,-96.37291329007962,87.30741913220845
172.0111122131348,30.67365393599918,-96.3729133296582,87.3199415631243
172.2110602855682,30.67365398737428,-96.37291331305232,87.33762536148424
172.4110746383667,30.67365409638245,-96.37291328023704,87.35840164206456
172.6110682487488,30.67365418861057,-96.37291335400208,87.38162078618188
172.8109242916107,30.67365424051371,-96.37291339865756,87.39344464620808
173.0108575820923,30.67365428059745,-96.37291342657979,87.40479267411865
173.2110254764557,30.67365431227569,-96.37291338710038,87.42107414768543
173.4107272624969,30.67365438146837,-96.37291330844958,87.43774140728055
173.6106946468353,30.67365438325228,-96.37291331587102,87.44719906317187
173.8106250762939,30.67365440605897,-96.37291338121595,87.46077686161152
174.011332988739,30.67365449183449,-96.37291334042388,87.47874285877333
174.2114930152893,30.67365453162299,-96.37291333214448,87.49945327723981
174.4117271900177,30.67365452486818,-96.37291342977673,87.5198650676175
174.61106300354,30.67365451826941,-96.37291339113935,87.53750598430634
174.8111050128937,30.67365455409521,-96.37291337995238,87.54655944742262
175.010947227478,30.6736546193682,-96.37291330979049,87.55266577977454
175.2108020782471,30.67365468285974,-96.37291333044493,87.55925384245347
175.4107711315155,30.67365472692721,-96.37291337402935,87.56483512264094
175.6106824874878,30.67365470489482,-96.37291346799046,87.57521717177588
175.8105614185333,30.67365475991235,-96.37291347763812,87.58025843580253
176.0106084346771,30.67365484894731,-96.37291340203392,87.58239200152457
176.2103838920593,30.67365485601439,-96.37291332727159,87.59744285381748
176.4114692211151,30.67365496461176,-96.37291330121521,87.60584083735012
176.6113402843475,30.67365499736921,-96.37291327178532,87.62201232498046
176.8112742900848,30.67365504657559,-96.37291326607618,87.64380852083559
177.0112438201904,30.67365507710757,-96.37291324746462,87.66131466059596
177.2114677429199,30.67365512781465,-96.37291322871965,87.68320060253609
177.4111874103546,30.67365516719824,-96.37291320533143,87.69945666851709
177.6114614009857,30.67365523984692,-96.37291314000953,87.70936396723846
177.8112287521362,30.67365527623683,-96.37291302686896,87.72463934033294
178.0109419822693,30.6736552292215,-96.37291307323839,87.72309278027387
178.2109289169312,30.6736552994502,-96.37291314671675,87.72429177211598
178.411150932312,30.67365537673348,-96.37291315552211,87.72735276859021
178.610940694809,30.67365542587902,-96.3729131286038,87.7322022014705
178.8111088275909,30.67365547384837,-96.37291313693619,87.73501827608561
179.0109670162201,30.67365546161354,-96.37291318637959,87.74050892185187
179.211658000946,30.67365556636904,-96.37291313171328,87.75166607968276
179.4117801189423,30.67365558227309,-96.37291316281849,87.75680921773892
179.6117687225342,30.67365562677477,-96.37291320588821,87.75801214040257
179.811624288559,30.6736557079979,-96.37291324519711,87.76079781772569
180.0115895271301,30.67365581894323,-96.37291319290279,87.77583858618164
180.2115499973297,30.67365590811339,-96.37291331476904,87.77740959241055
180.4115383625031,30.67365586474005,-96.37291341883456,87.78484726970783
180.6114137172699,30.67365585048185,-96.37291330564555,87.79584160522791
180.8115770816803,30.67365588665577,-96.37291331527138,87.79959653018159
181.0114204883575,30.67365594208199,-96.37291325991734,87.81540050066542
181.2109358310699,30.67365596005139,-96.37291324880258,87.83267873368459
181.4107859134674,30.67365599023526,-96.37291315934782,87.8493692476477
181.6111249923706,30.67365601173691,-96.3729130701678,87.86761500791181
181.812032699585,30.67365603290117,-96.3729129143704,87.88657815696206
182.0119571685791,30.67365607982927,-96.37291249183953,87.90244376851479
182.212070941925,30.6736560912143,-96.37291202140929,87.91548057389446
182.4118790626526,30.67365608136443,-96.37291109846608,87.93189048281056
182.6116147041321,30.6736558960993,-96.37290975549033,87.94966870278586
182.8117339611053,30.673655781944,-96.37290840446558,87.95392733812332
183.0115132331848,30.67365553740973,-96.37290643207852,87.99137112742756
183.2115497589111,30.67365531755626,-96.37290400210344,88.02212725928985
183.411504983902,30.67365510520782,-96.37290130566954,88.03908855625195
183.6112942695618,30.67365479081937,-96.37289826049563,88.06035536917625
183.8113510608673,30.67365448811096,-96.3728947331213,88.07144058996346
184.0114147663116,30.67365418920709,-96.37289094575948,88.07585361978272
184.2122628688812,30.67365358483512,-96.3728870956384,88.08745806809748
184.4118874073029,30.67365290133333,-96.37288284506323,88.10821204655804
184.6122047901154,30.67365248598256,-96.37287815080393,88.13133376662154
184.81187915802,30.67365211701682,-96.37287331007569,88.15730426058872
185.0117545127869,30.67365144595113,-96.3728681940574,88.17788739950629
185.2119674682617,30.67365096182269,-96.37286312410137,88.17780474404572
185.411984205246,30.67365044586732,-96.37285774314499,88.17864667455433
185.6117625236511,30.6736498168342,-96.37285241905862,88.18017158209113
185.8118369579315,30.67364911005794,-96.37284705426745,88.18862535990775
186.0116965770721,30.67364845627811,-96.37284166600899,88.21236974245403
186.2116808891296,30.67364789078538,-96.37283637805207,88.2166891147499
186.4116153717041,30.67364722265346,-96.37283089524672,88.20881588535849
186.6114916801453,30.67364679188542,-96.37282547388479,88.20944468065863
186.8124027252197,30.67364622612219,-96.37282041321411,88.22668839315884
187.0121631622314,30.67364593342851,-96.37281520882014,88.24351626582211
187.2124016284943,30.67364561022208,-96.37280986147927,88.24807914625853
187.4124507904053,30.67364541963165,-96.37280460025082,88.259133666259
187.6125929355621,30.67364549794464,-96.37279899075017,88.26811373507371
187.812420129776,30.6736456615205,-96.37279335948756,88.28493835325935
188.0119700431824,30.67364631500444,-96.37278782003416,88.30168297188357
188.2121367454529,30.67364718179051,-96.37278188801606,88.32090598356444
188.4118731021881,30.67364836263861,-96.37277601087695,88.34060362353921
188.6119737625122,30.67364987113999,-96.37277013916329,88.36633540852927
188.8118233680725,30.67365149019149,-96.37276452655803,88.39077257039025
189.0115785598755,30.67365363344807,-96.37275896452572,88.40311777195893
189.2117011547089,30.67365634281395,-96.37275368368874,88.38225985178724
189.4116270542145,30.67365941687627,-96.37274840109704,88.38471016357653
189.6121823787689,30.67366276884676,-96.37274344173686,88.36535090953112
189.8120801448822,30.67366636387397,-96.37273871836105,88.35302904574201
190.0123267173767,30.6736701280463,-96.37273406852974,88.3715172149241
190.2123885154724,30.67367427842598,-96.37272980204962,88.37091808253899
190.4121420383453,30.67367917845618,-96.37272595603929,88.38017656607553
190.6120762825012,30.67368423927698,-96.37272226496972,88.35880510509014
190.8121552467346,30.67368929610461,-96.37271883185855,88.3512419485487
191.0121307373047,30.67369488276956,-96.37271604838502,88.32928359135985
191.2121124267578,30.67370079768681,-96.37271345214255,88.31034307554364
191.4120106697083,30.67370691973361,-96.37271103876115,88.31439570151269
191.611652135849,30.67371281184762,-96.37270887084689,88.30097962636501
191.8116087913513,30.6737190789445,-96.37270666452089,88.26362299686298
192.0128202438354,30.6737256373635,-96.37270492216082,88.20933140767738
192.2130398750305,30.67373243265888,-96.37270323990344,88.18681931775063
192.4126977920532,30.67373906712721,-96.37270198460152,88.16525533236563
192.6125655174255,30.6737461294735,-96.37270091567592,88.13184405583888
192.8126029968262,30.67375299086969,-96.37269973630403,88.09438920486718
193.0127205848694,30.67375982266515,-96.37269835532456,88.07287675607949
193.2125124931335,30.6737669917267,-96.37269675780861,88.05677080154419
193.4124441146851,30.67377413164852,-96.37269575181777,88.04034495912492
193.612411737442,30.67378135739247,-96.37269487725948,88.01107709016651
193.8121104240417,30.67378885699648,-96.37269403505425,87.97037186753005
194.0121607780457,30.67379620239208,-96.37269324881774,87.95025340374559
194.2121193408966,30.67380364517876,-96.37269228861823,87.9221380436793
194.4118692874908,30.67381138651332,-96.37269181462382,87.91357295308262
194.6117198467255,30.6738188702828,-96.37269124826673,87.88979551941156
194.8119165897369,30.67382664804301,-96.37269027695964,87.86831262800843
195.0129745006561,30.67383457210528,-96.37268956245902,87.83258217014372
195.2127900123596,30.67384270176227,-96.37268841405294,87.79309369716793
195.4124672412872,30.67385080510703,-96.37268763724104,87.76280663721263
195.6124277114868,30.67385867914756,-96.37268647975898,87.7570279231295
195.8124253749847,30.67386680210985,-96.37268573231106,87.73877702374011
196.0121636390686,30.67387490401218,-96.372685115011,87.72290458902717
196.2123482227325,30.67388271557757,-96.37268399618657,87.7012799018994
196.412388086319,30.67389083398762,-96.37268297754869,87.6902148835361
196.6123116016388,30.67389901586878,-96.37268256366839,87.67614384926856
196.8122975826263,30.67390711319373,-96.37268180231179,87.65211668517441
197.0120327472687,30.67391540912614,-96.37268105389562,87.63356725405902
197.2122144699097,30.67392360577374,-96.37267994735289,87.61714086681604
197.4120998382568,30.67393154672687,-96.37267928578305,87.60074708517641
197.6120502948761,30.67393957123064,-96.3726780727807,87.58917497098446
197.8125298023224,30.67394773212198,-96.37267692357169,87.58168016280979
197.832535982132,30.67394855930795,-96.37267681613383,87.57830582745373
198.0126321315765,30.67395625527434,-96.3726759498665,87.57678453344852
198.2126126289368,30.67396452207196,-96.37267466052108,87.5676261363551
198.4130520820618,30.67397304040773,-96.37267361913878,87.55183573812246
198.612536907196,30.67398159174542,-96.37267291083081,87.54851935617626
198.812415599823,30.67399022752361,-96.37267199007913,87.54398987069726
199.012335062027,30.67399848229928,-96.37267057475069,87.53859807085246
199.212188243866,30.67400717796898,-96.37266972825689,87.52514208853245
199.6123929023743,30.67402429519801,-96.37266698176265,87.45409078989178
199.8119752407074,30.67403324124336,-96.37266575439385,87.40934769529849
200.0123908519745,30.67404184148845,-96.37266478321705,87.3912483593449
200.2121493816376,30.67405065690667,-96.37266392867608,87.37828760035336
200.4132037162781,30.67405917108967,-96.37266258756343,87.34616544190794
200.6130757331848,30.67406765144729,-96.37266138402182,87.31369558069855
200.8130519390106,30.67407605325125,-96.3726600312682,87.28673759847879
201.0130612850189,30.67408456496589,-96.37265851591476,87.24883879069239
201.2125895023346,30.67409298391215,-96.37265718914688,87.21420418377966
201.4126460552216,30.67410148634696,-96.37265607821519,87.17519892659038
201.6126873493195,30.67410979478569,-96.37265462619354,87.15176973864436
201.812441110611,30.67411819096096,-96.37265369765677,87.12314550019801
202.0124568939209,30.67412637451416,-96.37265216635512,87.10108170844615
202.2124838829041,30.67413436099238,-96.37265077404183,87.06769242137671
202.4124507904053,30.67414281453775,-96.37264977551878,87.04748912621289
202.6125729084015,30.67415106217581,-96.37264836015834,87.02742694783956
202.813512802124,30.67415928020107,-96.37264728922977,87.01577880233526
203.0133848190308,30.67416732039163,-96.37264583227966,87.02541655674577
203.2133233547211,30.67417565723947,-96.37264425495788,87.04193963203579
203.4133379459381,30.67418409213537,-96.37264302458547,87.05328938551247
203.6127898693085,30.67419242389676,-96.37264166005329,87.07041592895985
203.8128352165222,30.67420072405183,-96.372639844741,87.06318964529783
204.0129172801971,30.6742092699467,-96.37263887870672,87.05882351938635
204.2130255699158,30.67421755546619,-96.37263754341879,87.04906358290464
204.4129786491394,30.67422599414831,-96.37263607945238,87.0046841269359
204.6130201816559,30.67423440083217,-96.37263505849185,86.9830670747906
204.8129458427429,30.67424299916646,-96.37263402061519,86.95359978731722
205.0129134654999,30.67425143779228,-96.37263259114997,86.93351813219488
205.2130401134491,30.67425966970946,-96.37263096393767,86.91307288128883
205.4129552841187,30.67426802490901,-96.37262994955435,86.88373445533216
205.6127042770386,30.67427671333207,-96.37262897081996,86.85698659811169
205.8123083114624,30.67428521895223,-96.37262769799742,86.83205032069236
206.013649225235,30.67429359758908,-96.37262678294287,86.81129859667271
206.2140753269196,30.67430190459883,-96.37262553008009,86.78042748197913
206.4135007858276,30.67431013570937,-96.37262446038341,86.7544773761183
206.6134397983551,30.67431829188873,-96.37262332837264,86.72676384169608
206.8132121562958,30.6743265481189,-96.37262227510153,86.70611417293549
207.0128746032715,30.67433483691289,-96.37262144882938,86.69531558081508
207.2131674289703,30.67434261879878,-96.37261982651033,86.67059538606554
207.4132115840912,30.67435051558698,-96.37261883129382,86.64429535809904
207.6132056713104,30.67435818206662,-96.37261781541548,86.64853437431157
207.8128736019135,30.67436566797493,-96.37261651700942,86.62898646853864
208.0131204128265,30.67437298116376,-96.37261561136378,86.59526449628174
208.2129273414612,30.67437990675666,-96.3726141761322,86.57788368500769
208.4128286838531,30.67438625584128,-96.37261273080776,86.53951127827168
208.6131615638733,30.67439236725495,-96.3726119211977,86.50496942689642
208.8137934207916,30.6743985451915,-96.37261060407573,86.48732838220894
209.0137195587158,30.67440419881158,-96.37260986865783,86.46503219660372
209.21364402771,30.67441001383152,-96.37260890049919,86.4448636486195
209.4132342338562,30.67441580588706,-96.37260757396464,86.45523279393092
209.4331612586975,30.67441638047548,-96.37260748229235,86.45229372102767
209.6135339736938,30.67442152603025,-96.37260669092034,86.47735886787996
209.8138999938965,30.67442655739512,-96.37260569053188,86.47304026177153
210.0134456157684,30.67443153644784,-96.37260444533338,86.45719241211191
210.2134065628052,30.67443603871522,-96.37260364874783,86.45985865220428
210.4132463932037,30.67443984547461,-96.37260284632414,86.45994313200936
210.6136817932129,30.67444334235088,-96.37260226347243,86.46138803521171
210.8131020069122,30.67444600507756,-96.37260160698733,86.47791794361547
211.2126848697662,30.67444996567193,-96.3726007333434,86.46752603410278
211.4126298427582,30.674451283229,-96.37260033904838,86.47388814412989
211.6139616966248,30.67445193831462,-96.37260013153632,86.45861071080435
211.8134896755219,30.67445208670871,-96.37260003968647,86.47021427802974
212.0136573314667,30.67445226994224,-96.3726000324629,86.47565990465228
212.2136793136597,30.6744522277766,-96.37259993690328,86.4784210921498
212.4135625362396,30.67445215376656,-96.37259988668143,86.47288196987938
212.6133399009705,30.67445206850497,-96.37259986295987,86.46351212338777
212.8132061958313,30.67445203949926,-96.37259983043657,86.45546888466924
213.0131423473358,30.67445206010304,-96.37259975565233,86.45801471720915
213.213347196579,30.67445197828432,-96.3725997275538,86.44287780486047
213.4129121303558,30.67445191304645,-96.37259970876154,86.4361812871648
213.6129596233368,30.67445176797574,-96.3725996494603,86.43782168754842
213.8128707408905,30.67445172635945,-96.37259959862836,86.43235397490207
214.0133016109467,30.67445173325095,-96.3725994578773,86.43448665784672
214.2128205299377,30.67445164532638,-96.37259936498218,86.42597660742467
214.4140899181366,30.67445160707344,-96.37259934635011,86.4093834576197
214.6135394573212,30.67445155767128,-96.37259936061291,86.39795044570928
214.8135395050049,30.67445148809276,-96.37259933730193,86.38517530809622
215.0133745670319,30.6744514428721,-96.37259929921778,86.36625148646999
215.2137386798859,30.67445140729956,-96.37259928705618,86.35133852099534
215.6133027076721,30.67445128826743,-96.37259909266537,86.33263830043143
215.8134748935699,30.674451380708,-96.3725991224815,86.3374313270906
216.0136666297913,30.67445135866873,-96.37259907212569,86.32496172800893
216.2131979465485,30.67445134746811,-96.37259906536588,86.31809798511676
216.4132745265961,30.67445135202752,-96.37259900246288,86.32128952635685
216.613094329834,30.67445134618787,-96.37259898964544,86.3148013507016
216.8128273487091,30.67445142487439,-96.37259887618838,86.32717783923727
217.0139853954315,30.67445143773777,-96.37259885449319,86.3204425110016
217.2143046855927,30.67445144065779,-96.3725988476248,86.32066272309748
217.4144716262817,30.67445151203669,-96.37259888065712,86.31319165637251
217.6137981414795,30.67445158544494,-96.37259900005519,86.31730371911544
217.8140842914581,30.67445162320351,-96.3725989546066,86.30908672517398
218.0139939785004,30.67445163152765,-96.37259887772558,86.31965052959276
218.2139775753021,30.67445170832938,-96.37259892524439,86.31436608114745
218.4134945869446,30.67445180129149,-96.37259895991421,86.31794439820806
218.6138625144958,30.67445183381903,-96.37259901449518,86.32410516083473
218.8138372898102,30.6744518642899,-96.37259903273817,86.33207843377022
219.0137424468994,30.67445185813904,-96.37259904708999,86.34146047185641
219.213760137558,30.67445189003438,-96.37259906238252,86.35052659636131
219.4135768413544,30.67445192174432,-96.37259909626395,86.35320112621412
219.6130986213684,30.67445181895789,-96.37259902632071,86.36138083518017
219.81320977211,30.67445187095474,-96.37259899637428,86.35287815227639
220.0142982006073,30.67445190842428,-96.37259900912474,86.33715500397375
220.2142956256866,30.67445193139854,-96.37259905369211,86.32314161508111
220.4138514995575,30.67445197278859,-96.37259906836553,86.30861818481935
220.6138134002686,30.67445202229094,-96.37259913370875,86.28951198526192
220.8137900829315,30.67445204824505,-96.37259918888475,86.27659663755912
221.0137462615967,30.67445209379888,-96.37259920206264,86.26704374910332
221.2136943340302,30.67445211960359,-96.37259921612528,86.25775959785096
221.4136991500854,30.67445208003837,-96.37259918219701,86.24882710212842
221.6136519908905,30.6744520982908,-96.3725991981489,86.24491980584571
221.8138711452484,30.6744521732777,-96.37259908180701,86.25624766235705
222.0135831832886,30.67445221406526,-96.37259898322176,86.24755412095692
222.2138333320618,30.67445223826226,-96.37259890202208,86.2512077386491
222.4137558937073,30.67445233664764,-96.37259905820203,86.25239392678486
222.6138875484467,30.67445242070565,-96.37259905307032,86.24366420693696
222.813414812088,30.6744523011568,-96.37259897215044,86.24800630187383
223.0144667625427,30.67445217907898,-96.37259889134268,86.25881651538657
223.2143003940582,30.67445212759472,-96.37259873695091,86.26738653378561
223.4141738414764,30.6744521808022,-96.37259865800965,86.28157424577512
223.6141302585602,30.67445222920494,-96.37259869055126,86.29141176457051
223.8141057491302,30.67445221290127,-96.37259881856561,86.30244428524747
224.0139062404633,30.67445217090528,-96.37259874273339,86.31203681410989
224.2136211395264,30.67445218741539,-96.37259881016723,86.3238981566974
224.4140796661377,30.67445216766966,-96.37259887577243,86.33593077608384
224.6135516166687,30.67445213565112,-96.37259884169599,86.34367459773785
224.8135340213776,30.67445207606064,-96.37259875528972,86.35262444947148
225.0136690139771,30.67445212075119,-96.37259872001611,86.3563977793674
225.2135548591614,30.67445201572778,-96.37259882525193,86.36102511192439
225.414538860321,30.67445205397152,-96.37259874300119,86.37347541947383
225.6143255233765,30.67445204779882,-96.37259872611614,86.3829892888898
225.8142068386078,30.67445204546755,-96.37259858325972,86.38498121872544
226.0140223503113,30.67445213535355,-96.37259878600895,86.39548534550704
226.214079618454,30.67445218344823,-96.37259864327805,86.41121702443343
226.4140622615814,30.6744521918148,-96.37259862715665,86.42139750724891
226.6140050888062,30.67445220411093,-96.37259862757296,86.43229161947966
226.8138589859009,30.67445222419481,-96.37259855163065,86.44761674862821
227.0138306617737,30.67445220686346,-96.37259851462549,86.46322897437494
227.2139246463776,30.67445216305422,-96.37259847253837,86.48344755085418
227.4139053821564,30.67445220818399,-96.37259843303836,86.50120593310567
227.6137223243713,30.67445228568142,-96.37259846384865,86.52126194210723
227.8135740756989,30.67445232747179,-96.37259842973577,86.53769023297355
228.0147914886475,30.67445227103709,-96.3725984535987,86.55967985396273
228.2145404815674,30.6744522201889,-96.37259835295295,86.57644262496615
228.4146609306335,30.67445221875618,-96.37259824108831,86.58890883869026
228.6144692897797,30.67445217819921,-96.37259825971942,86.61294732202077
228.8148112297058,30.67445214799783,-96.3725981894321,86.63241333217593
229.0141832828522,30.67445217287452,-96.37259817124244,86.64865047170315
229.2142083644867,30.67445221406467,-96.3725982120792,86.6636078247102
229.4143068790436,30.67445226496447,-96.37259819665145,86.68591414083494
229.6139998435974,30.67445228312727,-96.37259821793614,86.70556470847805
229.8139395713806,30.6744523243942,-96.37259818524825,86.72736333083594
230.0138504505157,30.67445232181607,-96.37259812065808,86.74773482192541
230.2141053676605,30.67445243628119,-96.37259819370962,86.76825437368825
230.414274930954,30.67445250803182,-96.37259821225439,86.79018066611025
230.6136736869812,30.67445248848371,-96.37259824335803,86.81451046303846
230.8146595954895,30.67445252472534,-96.37259825555805,86.83324102603365
231.0149147510529,30.67445251558823,-96.37259828231474,86.85739218030358
231.2144570350647,30.67445251025886,-96.37259827454839,86.88255076779751
231.4144105911255,30.67445249643202,-96.37259821866371,86.89824755649897
231.6144587993622,30.67445258816443,-96.37259821076904,86.92005469885771
231.8143744468689,30.67445265987925,-96.37259821286767,86.93758385963156
232.0142707824707,30.67445273319455,-96.37259816931294,86.963777730125
232.2144637107849,30.67445278042731,-96.3725982002928,86.9777800188167
232.4145951271057,30.67445282580956,-96.37259827501727,86.99719796527643
232.6141667366028,30.67445285685482,-96.37259821680885,87.02201795543078
232.8140575885773,30.67445294041559,-96.37259830339242,87.04363847756758
233.0142471790314,30.67445305111052,-96.37259834695527,87.06781005603261
233.2140712738037,30.67445308700573,-96.3725983255727,87.09113750862889
233.4144110679626,30.67445304516442,-96.37259826396492,87.11390856208163
233.6138401031494,30.67445299735074,-96.3725983027978,87.14065222302452
233.8149454593658,30.67445301896623,-96.37259838939261,87.1623868237948
234.0147948265076,30.67445301313856,-96.37259840779191,87.19001316680806
234.2147216796875,30.67445301744248,-96.37259847391022,87.21718909876654
234.4149370193481,30.67445308746066,-96.37259846398649,87.25082626004587
234.6146047115326,30.67445309136679,-96.37259845934337,87.28647679422284
234.8148381710052,30.67445303818144,-96.37259847692488,87.33183904227917
235.0148520469666,30.67445308213818,-96.37259848171117,87.36460348049877
235.2143511772156,30.67445319394296,-96.3725985483332,87.39270488385228
235.4142451286316,30.67445324005436,-96.37259860611216,87.41703709063586
235.6142430305481,30.67445335048935,-96.37259868743487,87.43200650488143
235.8142430782318,30.67445328590098,-96.37259867523419,87.44156081244
236.01407122612,30.67445326858281,-96.37259877077064,87.44557861058274
236.2140545845032,30.67445334078296,-96.37259879193876,87.45197094033938
236.4151401519775,30.67445334785255,-96.37259887038149,87.46275208255975
236.6152873039246,30.67445336531658,-96.37259895528132,87.46700404922012
236.8152370452881,30.67445335436569,-96.37259903648537,87.47617707643076
237.0151965618134,30.67445339850334,-96.37259919631013,87.48675569478655
237.2152137756348,30.67445335628312,-96.37259933813554,87.4865734722116
237.4150829315186,30.67445334609678,-96.3725993745263,87.49516856117407
237.6149003505707,30.67445333771893,-96.37259950206524,87.49996043782448
237.8148858547211,30.67445330757045,-96.37259954360955,87.5155011965835
238.0151393413544,30.6744533569761,-96.37259979870869,87.52982356681605
238.2145962715149,30.67445340241206,-96.37259999098815,87.54924965693499
238.4146530628204,30.6744533718912,-96.37260012067536,87.5593114446383
238.6143007278442,30.67445351639602,-96.37259995047168,87.58551618584897
238.8153064250946,30.67445360799266,-96.37260021191591,87.59592161636101
239.0155997276306,30.67445344943298,-96.3726002026483,87.62179173761979
239.2154459953308,30.67445355534271,-96.37260023832643,87.6520659858943
239.4153661727905,30.6744536502373,-96.37260048216774,87.6802681502304
239.6148359775543,30.67445357509453,-96.37260062036341,87.71077273873379
239.8151526451111,30.67445347230479,-96.3726008396974,87.73870037842426
240.0152981281281,30.67445330765086,-96.37260113860793,87.75379398479708
240.2150330543518,30.67445280211708,-96.3726014647654,87.77880346169695
240.4146828651428,30.67445221965531,-96.37260177504685,87.78715769795235
240.614985704422,30.67445125535156,-96.37260216255522,87.79092003533151
240.8150641918182,30.67445006923867,-96.37260258016452,87.80314263619948
241.0147428512573,30.67444861928043,-96.37260300842243,87.8133288458921
241.214923620224,30.67444694019417,-96.3726034031469,87.82408871210646
241.4155840873718,30.67444492495017,-96.37260383501567,87.83810183592141
241.6156311035156,30.67444303106446,-96.37260472188612,87.85418071388267
241.815194606781,30.67444074805366,-96.37260534190176,87.86054684501141
242.0155127048492,30.67443829959955,-96.372605941358,87.85422013839707
242.2150695323944,30.67443558680906,-96.3726066800653,87.8417769416701
242.2351820468903,30.67443533300965,-96.37260673785079,87.84031511843204
242.4151136875153,30.67443307505598,-96.37260732793503,87.831293158466
242.6153180599213,30.67443059132952,-96.37260841009167,87.83150045457296
242.8153901100159,30.67442797562143,-96.3726089614491,87.81417873385362
243.0151054859161,30.67442535273931,-96.37260959015813,87.81169553776272
243.215117931366,30.67442262678957,-96.37261005903416,87.79850449156947
243.4150283336639,30.67441972397447,-96.37261068745774,87.80913334595971
243.6149785518646,30.67441663791195,-96.37261106468576,87.80686825118028
243.8148880004883,30.67441356537603,-96.37261177087558,87.82202089997008
244.0159223079681,30.6744103774292,-96.37261231422661,87.84268718468957
244.2149746417999,30.67440695022492,-96.37261285415005,87.84424993465655
244.4156973361969,30.67440352458119,-96.3726135101125,87.85141936619766
244.6156430244446,30.67440013399351,-96.37261425881783,87.85242667654529
244.815721988678,30.67439660685024,-96.37261479833883,87.84272518870421
245.0152862071991,30.67439321777519,-96.37261558543662,87.84436718840152
245.2152638435364,30.6743896650387,-96.37261618736962,87.83250740915537
245.4154152870178,30.67438637934251,-96.37261723261412,87.82191127957776
245.6154534816742,30.67438276754283,-96.37261829093019,87.81179326283745
245.8153729438782,30.67437916809012,-96.37261922457752,87.81114407954738
246.0151679515839,30.67437567520537,-96.37262078233923,87.81055869720876
246.2153255939484,30.67437202077967,-96.37262201687156,87.8152277986519
246.4152181148529,30.67436850457852,-96.37262377666747,87.82950441725552
246.6150739192963,30.67436487005596,-96.37262473746055,87.81842818297446
246.8148674964905,30.6743613594924,-96.37262631567806,87.7676431722939
247.0149717330933,30.67435786212309,-96.37262804923807,87.73170512565412
247.2159311771393,30.67435455389556,-96.37262926365763,87.69162567169406
247.4157738685608,30.67435121135668,-96.37263069582326,87.65824581054039
247.6156985759735,30.67434806116172,-96.37263206110059,87.63970776903443
247.8156304359436,30.67434473464624,-96.37263296734089,87.60893827746622
248.0156588554382,30.67434136720115,-96.37263442026425,87.57525615021586
248.2155420780182,30.67433844657927,-96.3726355070048,87.5490030690562
248.4153654575348,30.67433556576276,-96.37263621390423,87.53389033046551
248.6153936386108,30.67433284062981,-96.37263683671583,87.50015509687364
248.8151912689209,30.67433079676258,-96.37263749819235,87.49129822454415
249.0152282714844,30.67432882951176,-96.37263775825556,87.47418287349865
249.2152428627014,30.67432723016235,-96.3726381032222,87.45210571121424
249.4151663780212,30.67432606889575,-96.37263816195809,87.43864262581337
249.6162030696869,30.67432550821036,-96.37263854378206,87.4212875837693
249.8160092830658,30.67432515214303,-96.37263890137291,87.40432406472974
250.0159778594971,30.67432494664375,-96.3726388388547,87.38496064505307
250.2159435749054,30.67432494515649,-96.37263882683905,87.37198801967315
250.4157752990723,30.6743249548503,-96.37263870849897,87.35299754730659
250.6157417297363,30.67432493679305,-96.37263869219196,87.33093489159364
250.8157188892365,30.67432492122797,-96.37263874759007,87.30905419000192
251.0156061649323,30.6743248443485,-96.37263876531885,87.28490573103772
251.2155470848083,30.67432478739083,-96.37263871865026,87.26142568222713
251.4153957366943,30.67432479862305,-96.37263877492863,87.23314439901151
251.6154680252075,30.67432479741702,-96.37263872443373,87.21101564128185
251.8150999546051,30.67432479935573,-96.37263869691635,87.19425200618571
252.0150451660156,30.67432475030032,-96.37263858774995,87.1668557501398
252.2149887084961,30.67432475404349,-96.37263855017727,87.15433851402486
252.4158427715302,30.67432475949765,-96.37263843011222,87.13196206028806
252.6159212589264,30.67432468294452,-96.37263845138344,87.11618488666136
252.8158130645752,30.6743246685346,-96.37263838059943,87.0947526153177
253.0156588554382,30.67432463377173,-96.3726382926297,87.06949057010934
253.4155516624451,30.67432460857077,-96.37263835785051,87.0127012510784
253.615571975708,30.67432457876502,-96.37263817417779,86.98579275456723
253.8158447742462,30.67432456726257,-96.37263815521504,86.95485400443431
254.0155339241028,30.67432453154751,-96.37263805938932,86.92725161695853
254.2153387069702,30.67432446320593,-96.37263792003679,86.898417726974
254.4153962135315,30.67432447124995,-96.3726379384285,86.86733332130825
254.6152522563934,30.67432440070199,-96.37263778777901,86.83873557311017
254.8152618408203,30.67432427952807,-96.37263763175265,86.81169159215642
255.0164878368378,30.67432438078613,-96.37263760492074,86.78633592039114
255.2160687446594,30.67432429107727,-96.3726375317702,86.76629766065162
255.4158928394318,30.67432421732523,-96.37263758640947,86.75054129195632
255.6162705421448,30.67432423901023,-96.37263755258161,86.73156708735041
255.8162317276001,30.67432411743519,-96.37263730674724,86.71238804690074
256.0161514282227,30.67432390023409,-96.37263712608045,86.68971598171629
256.2162771224976,30.67432371232948,-96.3726372348443,86.68273242237046
256.4159758090973,30.67432377496953,-96.37263713234847,86.67063599778339
256.6160697937012,30.67432369227219,-96.37263694356322,86.640272631892
256.8156821727753,30.67432366853971,-96.37263689454905,86.60656687227311
257.0158867835999,30.67432359910094,-96.37263684454496,86.57135945628397
257.2159643173218,30.67432359411169,-96.37263663734063,86.55588956805877
257.4160327911377,30.67432346175447,-96.37263651044903,86.52611960883951
257.6159563064575,30.67432344936272,-96.37263645150708,86.48526864149608
257.8158073425293,30.67432335043942,-96.37263645472848,86.44428091228474
258.0157172679901,30.67432326178827,-96.37263642332151,86.40635029680561
258.2165734767914,30.67432320877608,-96.37263633259039,86.36258555907989
258.416633605957,30.67432299804769,-96.37263619598717,86.33256506599719
258.6168782711029,30.67432285940235,-96.37263592674924,86.29748345795088
258.8167088031769,30.67432285737901,-96.37263572163317,86.26380651589716
259.0164687633514,30.67432276465529,-96.37263550634091,86.22896416968433
259.216347694397,30.67432258316148,-96.37263533083672,86.19495285535231
259.4162797927856,30.67432239873598,-96.37263507692717,86.16088767838664
259.6159899234772,30.67432226977167,-96.37263485974346,86.12507496250328
259.8162434101105,30.67432225534894,-96.37263474001314,86.08186250325525
