0,-1.574481606483459,-0.6337267160415649,-163.4230499267578
0.1996583938598633,-1.57446277141571,-0.6343073844909668,-163.4200744628906
0.3996114730834961,-1.573112726211548,-0.6358203291893005,-163.4161376953125
0.5999817848205566,-1.574887037277222,-0.6391798257827759,-163.4140625
0.7998902797698975,-1.573699951171875,-0.6385946273803711,-163.4122161865234
0.9999072551727295,-1.574789762496948,-0.6402063965797424,-163.4113006591797
1.199475049972534,-1.575766444206238,-0.6408232450485229,-163.4093475341797
1.399568557739258,-1.566685318946838,-0.6413866877555847,-163.4084014892578
1.59955096244812,-1.56694233417511,-0.6417278051376343,-163.4049835205078
1.799817323684692,-1.569708347320557,-0.6402193307876587,-163.4049682617188
1.999233961105347,-1.565685868263245,-0.6404507756233215,-163.4018859863281
2.199362993240356,-1.559682726860046,-0.6407412886619568,-163.3993835449219
2.399546146392822,-1.573987603187561,-0.6405320167541504,-163.4013519287109
2.600407600402832,-1.582635402679443,-0.6405714154243469,-163.3997039794922
2.800074338912964,-1.558839201927185,-0.6399649977684021,-163.3969268798828
3.000098943710327,-1.566763639450073,-0.6405720114707947,-163.3941192626953
3.200142621994019,-1.565262198448181,-0.6392885446548462,-163.3942565917969
3.220091342926025,-1.564884901046753,-0.6400535702705383,-163.3934936523438
3.39997410774231,-1.562671542167664,-0.6398666501045227,-163.3941955566406
3.599803924560547,-1.55881655216217,-0.639738142490387,-163.3909759521484
3.799902677536011,-1.559089303016663,-0.6397177577018738,-163.3892974853516
3.999781847000122,-1.555593371391296,-0.6417418718338013,-163.3889923095703
4.199925661087036,-1.550553917884827,-0.6428098678588867,-163.3876037597656
4.399492740631104,-1.549530506134033,-0.6408838629722595,-163.3858947753906
4.59971284866333,-1.54141628742218,-0.6463205218315125,-163.3823547363281
4.799517631530762,-1.5585697889328,-0.6463963389396667,-163.3844146728516
4.999512910842896,-1.562162280082703,-0.646517276763916,-163.3831939697266
5.199477910995483,-1.553547620773315,-0.6466373801231384,-163.3798065185547
5.399417161941528,-1.553778886795044,-0.6482847929000854,-163.377685546875
5.600390434265137,-1.538911700248718,-0.6414700746536255,-163.3791351318359
5.80017614364624,-1.526208996772766,-0.641126811504364,-163.3737640380859
6.000216007232666,-1.544979929924011,-0.6445705890655518,-163.3769989013672
6.200252771377563,-1.545016884803772,-0.6447380185127258,-163.3749542236328
6.400144577026367,-1.540646076202393,-0.6476617455482483,-163.3684234619141
6.5999596118927,-1.543915390968323,-0.6438100934028625,-163.3686828613281
6.800123453140259,-1.532458662986755,-0.6372204422950745,-163.3685760498047
6.999938488006592,-1.541075944900513,-0.6279908418655396,-163.3717498779297
7.200016260147095,-1.543512463569641,-0.6198940873146057,-163.3767547607422
7.399813652038574,-1.537096619606018,-0.61210697889328,-163.3858184814453
7.419735908508301,-1.53600287437439,-0.6118320822715759,-163.3876495361328
7.59984278678894,-1.521148681640625,-0.6000143885612488,-163.4105834960938
7.799626350402832,-1.506996989250183,-0.5915451049804688,-163.4603424072266
8.000717163085938,-1.479993104934692,-0.5774126052856445,-163.5472869873047
8.200573205947876,-1.48780357837677,-0.5760248303413391,-163.6695251464844
8.400548458099365,-1.48965859413147,-0.564562201499939,-163.8318023681641
8.600418567657471,-1.463081240653992,-0.554556131362915,-164.0243072509766
8.800525665283203,-1.411556243896484,-0.5372840166091919,-164.240966796875
9.000434637069702,-1.321920990943909,-0.5272245407104492,-164.4880065917969
9.200335025787354,-1.276007413864136,-0.5439937114715576,-164.7640991210938
9.400039196014404,-1.309430599212646,-0.5730851292610168,-165.0514373779297
9.600132465362549,-1.323860883712769,-0.5985512733459473,-165.3644104003906
9.800280332565308,-1.245075702667236,-0.640337347984314,-165.6955108642578
9.999985456466675,-1.194966673851013,-0.7357969880104065,-166.0421752929688
10.20006823539734,-1.209407806396484,-0.7672021389007568,-166.3810424804688
10.39972877502441,-1.2649245262146,-0.7776010632514954,-166.7497100830078
10.59991788864136,-1.356370210647583,-0.7596673369407654,-167.0767211914062
10.79988503456116,-1.309720635414124,-0.7762335538864136,-167.3094787597656
11.00081205368042,-1.264858484268188,-0.8809563517570496,-167.5702819824219
11.20057725906372,-1.265954494476318,-0.9477996826171875,-167.806884765625
11.40097689628601,-1.248823285102844,-1.075452327728271,-168.0932922363281
11.60075879096985,-1.226801753044128,-1.11197566986084,-168.3569030761719
11.80031251907349,-1.163459300994873,-1.130661368370056,-168.6402893066406
12.00082111358643,-1.062885403633118,-1.147565841674805,-168.9510650634766
12.20022892951965,-1.074515104293823,-1.190831542015076,-169.2778167724609
12.40051531791687,-1.11164653301239,-1.149798393249512,-169.6635284423828
12.60015201568604,-1.091629028320312,-1.083158135414124,-170.0430755615234
12.80027413368225,-1.104702711105347,-1.010065913200378,-170.4583892822266
13.00035810470581,-1.146700620651245,-0.9257365465164185,-170.8650817871094
13.20006275177002,-1.141828894615173,-0.9688653945922852,-171.3025207519531
13.40024185180664,-1.116465091705322,-0.8893185257911682,-171.7385559082031
13.60019207000732,-1.245836734771729,-0.9859874844551086,-172.1909790039062
13.80106830596924,-1.286028981208801,-0.941292941570282,-172.6769409179688
14.00084090232849,-1.229370355606079,-1.003356456756592,-173.2005462646484
14.20101070404053,-1.12753164768219,-1.047917723655701,-173.7318572998047
14.40087246894836,-1.101016521453857,-1.000823974609375,-174.3022155761719
14.60085916519165,-1.143726110458374,-0.9788263440132141,-174.8502197265625
14.80062413215637,-1.349899172782898,-1.01207447052002,-175.4184265136719
15.00072765350342,-1.53094494342804,-0.9956650137901306,-175.9994964599609
15.20071005821228,-1.572600483894348,-0.977270781993866,-176.5564422607422
15.40054440498352,-1.333762049674988,-0.9447621703147888,-177.1400909423828
15.60073733329773,-1.103477358818054,-0.8636246919631958,-177.7143707275391
15.80053782463074,-1.203716516494751,-0.689228355884552,-178.2200012207031
16.00015830993652,-1.41166889667511,-0.6054072976112366,-178.6231994628906
16.20126104354858,-1.496724843978882,-0.516951858997345,-178.8108367919922
16.40116238594055,-1.379125714302063,-0.5066097974777222,-178.9240417480469
16.60114073753357,-1.19582986831665,-0.2878584265708923,-179.0190124511719
16.80082941055298,-1.090356230735779,-0.2751701772212982,-179.0235290527344
17.00099658966064,-1.101950645446777,-0.3273998498916626,-179.0017395019531
17.20078921318054,-1.02696168422699,-0.3077843487262726,-178.9630889892578
17.40070676803589,-0.8996990323066711,-0.26099693775177,-178.8766021728516
17.60072016716003,-0.7262867093086243,-0.1391603946685791,-178.7976989746094
17.80064249038696,-0.5786631107330322,-0.269356369972229,-178.6909637451172
18.00062608718872,-0.5714512467384338,-0.2194251418113708,-178.52734375
18.20038437843323,-0.5801801085472107,-0.2398039251565933,-178.3482971191406
18.40042972564697,-0.4997101724147797,-0.2611141800880432,-178.1259765625
18.6007604598999,-0.3758036494255066,-0.2373531758785248,-177.8423309326172
18.80045366287231,-0.3548618853092194,-0.1956829875707626,-177.5746002197266
19.00158286094666,-0.4066738188266754,-0.3157113492488861,-177.2711029052734
19.20163416862488,-0.4981789290904999,-0.3072239458560944,-176.9164886474609
19.40119314193726,-0.4356531202793121,-0.295941561460495,-176.5595855712891
19.6012179851532,-0.4027878940105438,-0.4480853676795959,-176.1872100830078
19.80129718780518,-0.424019455909729,-0.3609535992145538,-175.7610168457031
20.00099039077759,-0.4494780302047729,-0.3706645965576172,-175.3381652832031
20.20122313499451,-0.4591914713382721,-0.2806451022624969,-174.8927764892578
20.40087962150574,-0.5560160875320435,-0.09484904259443283,-174.4517822265625
20.60078525543213,-0.4664284288883209,-0.1505134552717209,-174.0088500976562
20.8008725643158,-0.4836377799510956,-0.2386363595724106,-173.5694427490234
21.00075745582581,-0.6041975021362305,-0.2270688265562057,-173.1360626220703
21.20086717605591,-0.5441792607307434,-0.2554005980491638,-172.7029571533203
21.40075826644897,-0.4939341843128204,-0.1434019058942795,-172.2678375244141
21.60071849822998,-0.4379677176475525,-0.159261628985405,-171.8669281005859
21.80172491073608,-0.3921505212783813,0.02874213084578514,-171.4745483398438
22.00172328948975,-0.4406003952026367,0.04037794470787048,-171.0597839355469
22.20141744613647,-0.3738541603088379,0.1170499846339226,-170.6929626464844
22.40138125419617,-0.1766987890005112,0.05786751955747604,-170.4091644287109
22.60123658180237,-0.2255586385726929,0.03321772441267967,-170.1490783691406
22.80138659477234,-0.3242360949516296,-0.01247539650648832,-169.9058837890625
23.00155401229858,-0.3994390070438385,-0.06465129554271698,-169.6585540771484
23.20136666297913,-0.372124582529068,-0.05230665951967239,-169.4591217041016
23.40122985839844,-0.1618149876594543,-0.1916888654232025,-169.2973175048828
23.80112743377686,-0.1704690754413605,-0.2759425938129425,-169.0376586914062
24.00116443634033,-0.2183011472225189,-0.1957910805940628,-168.9235687255859
24.20109581947327,-0.3151741623878479,-0.3147934079170227,-168.8805236816406
24.40092492103577,-0.3394956290721893,-0.09397155791521072,-168.8759460449219
24.60204839706421,-0.2780070006847382,-0.08712252229452133,-168.9717102050781
24.80174374580383,-0.1046793311834335,-0.1700452864170074,-169.1826477050781
25.00183391571045,-0.1712163388729095,-0.1312295496463776,-169.4134216308594
25.20192170143127,-0.2982351779937744,-0.2078627794981003,-169.6429901123047
25.40189981460571,-0.4571634232997894,-0.1814396530389786,-169.8871002197266
25.60168766975403,-0.4823123812675476,-0.2095613330602646,-170.1136016845703
25.80156421661377,-0.4437605142593384,-0.3769866228103638,-170.3620452880859
26.00168204307556,-0.5719524621963501,-0.5979577898979187,-170.5894622802734
26.20145201683044,-0.6113985776901245,-0.6885299682617188,-170.8209991455078
26.40155649185181,-0.5724393725395203,-0.9572501182556152,-171.0252227783203
26.60120272636414,-0.5251054763793945,-0.8149040937423706,-171.2500915527344
26.8012912273407,-0.5835318565368652,-0.8199272155761719,-171.4716949462891
27.00143885612488,-0.662293016910553,-0.8472768068313599,-171.6797027587891
27.20238256454468,-0.6266134977340698,-0.8322693705558777,-171.903564453125
27.402174949646,-0.6127722263336182,-0.8893303275108337,-172.1138458251953
27.60200905799866,-0.6556888222694397,-0.8977292776107788,-172.3175659179688
27.80187249183655,-0.6798640489578247,-0.8537774682044983,-172.4984893798828
28.00186228752136,-0.6865778565406799,-0.8128072023391724,-172.6903839111328
28.20199942588806,-0.638156533241272,-0.716423511505127,-172.8774108886719
28.40173697471619,-0.7011353373527527,-0.7296317219734192,-173.0473327636719
28.60178732872009,-0.6260175704956055,-0.7256180644035339,-173.2244567871094
28.80166983604431,-0.6758891344070435,-0.7149612307548523,-173.3741455078125
29.00193047523499,-0.7509384751319885,-0.7110793590545654,-173.5200653076172
29.20142579078674,-0.6140168905258179,-0.6418838500976562,-173.6383819580078
29.40125966072083,-0.2841006517410278,-0.7781628966331482,-173.7647705078125
29.601154088974,-0.3790143430233002,-0.9739883542060852,-173.8949890136719
29.80217385292053,-0.6613839864730835,-1.051877498626709,-174.00927734375
30.00225949287415,-0.5746354460716248,-1.103179812431335,-174.1271209716797
30.20216059684753,-0.42512047290802,-1.086354494094849,-174.2587890625
30.40204858779907,-0.4209335744380951,-1.006224274635315,-174.3670959472656
30.60213375091553,-0.7007420659065247,-1.018513202667236,-174.4874114990234
30.80199122428894,-0.7969595193862915,-0.8014097809791565,-174.5404968261719
31.00193977355957,-0.7328651547431946,-0.8574149012565613,-174.5490875244141
31.20194506645203,-0.6436425447463989,-0.8294739127159119,-174.5535125732422
31.40186238288879,-0.769526481628418,-0.8476814031600952,-174.5470581054688
31.60191249847412,-0.7356835007667542,-0.8377688527107239,-174.5421905517578
31.80165362358093,-0.6377236247062683,-0.8656001091003418,-174.5496063232422
32.00179576873779,-0.854150652885437,-0.8389772772789001,-174.5571136474609
32.20178842544556,-1.048456907272339,-0.8236714005470276,-174.5125122070312
32.40262675285339,-0.8580051064491272,-0.9371804594993591,-174.4429473876953
32.60247802734375,-0.7722967863082886,-0.9208530187606812,-174.3577270507812
32.80228996276855,-1.117454051971436,-0.9349861741065979,-174.2934722900391
33.00236916542053,-1.346361637115479,-1.007652521133423,-174.2019805908203
33.20207500457764,-1.171509981155396,-1.086982846260071,-174.1377258300781
33.40199041366577,-1.176413774490356,-1.077279567718506,-174.0716705322266
33.6022789478302,-1.351207971572876,-1.063290238380432,-173.9986267089844
33.80217504501343,-1.448745369911194,-1.080374956130981,-173.9229278564453
34.00211191177368,-1.406408429145813,-1.044261455535889,-173.8618011474609
34.20189237594604,-1.292761087417603,-1.111206412315369,-173.7838287353516
34.40198731422424,-1.341816782951355,-1.190484285354614,-173.7242736816406
34.6019766330719,-1.38922119140625,-1.190553426742554,-173.6897430419922
34.80190682411194,-1.399612426757812,-0.914811909198761,-173.7205047607422
35.00187993049622,-1.374319791793823,-0.6911935210227966,-173.7375640869141
35.20272374153137,-1.349294424057007,-0.4294017255306244,-173.7619934082031
35.40255641937256,-1.34529185295105,-0.2086746543645859,-173.7802276611328
35.6025493144989,-1.299128413200378,-0.2108790576457977,-173.7895202636719
35.80258297920227,-1.204545259475708,-0.2777910232543945,-173.8005523681641
36.00229001045227,-1.117962241172791,-0.2452088743448257,-173.8009490966797
36.20218515396118,-1.114710569381714,-0.3856813013553619,-173.8227386474609
36.40206837654114,-0.9891471862792969,-0.3169810771942139,-173.8372192382812
36.60201287269592,-0.7957906723022461,-0.292589545249939,-173.8679809570312
36.80236601829529,-0.6478064656257629,-0.2220754027366638,-173.9005126953125
37.0023295879364,-0.7029931545257568,-0.201793298125267,-173.8851928710938
37.20245337486267,-0.7859698534011841,-0.06986571103334427,-173.8710632324219
37.40207076072693,-0.8385093808174133,0.1443407982587814,-173.8379821777344
37.60240244865417,-0.719851553440094,0.2813115119934082,-173.7976989746094
37.80179977416992,-0.7335630059242249,0.3498472273349762,-173.7755432128906
38.00185489654541,-0.7020982503890991,0.2609248161315918,-173.6944732666016
38.20278644561768,-0.8092889785766602,0.1083097383379936,-173.6305541992188
38.40297102928162,-0.7282121777534485,0.1887804865837097,-173.5505828857422
38.60293221473694,-0.7063820362091064,0.207356259226799,-173.4784851074219
38.80269765853882,-0.6632929444313049,0.2616933286190033,-173.4247131347656
39.00248789787292,-0.5594052076339722,0.2432689666748047,-173.3559722900391
39.20262336730957,-0.6165289282798767,0.1470330506563187,-173.3207855224609
39.40246295928955,-0.6501010656356812,0.1768377721309662,-173.24560546875
39.60234618186951,-0.6710994243621826,0.1406553387641907,-173.1935729980469
39.80239367485046,-0.6331802606582642,0.07717426866292953,-173.1253967285156
40.00245976448059,-0.725500762462616,0.08156083524227142,-173.06396484375
40.20219922065735,-0.873478889465332,0.2265938073396683,-173.0008392333984
40.40219330787659,-0.8165577054023743,0.0874854251742363,-172.9448699951172
40.60188341140747,-0.7708760499954224,0.1256527900695801,-172.8873291015625
40.80293750762939,-0.8322931528091431,0.153005838394165,-172.8337707519531
41.00300192832947,-0.9452685713768005,0.1178049594163895,-172.7743835449219
41.20291686058044,-0.9140264391899109,-0.06715516000986099,-172.7106323242188
41.40292119979858,-0.6577494144439697,-0.2064141184091568,-172.6249694824219
41.60271334648132,-0.7187557220458984,-0.4673790335655212,-172.5241851806641
41.80251789093018,-0.9149267077445984,-0.6075652241706848,-172.4202270507812
42.00288200378418,-1.018327951431274,-0.8211044073104858,-172.3124237060547
42.20220637321472,-0.9448623657226562,-0.8675855994224548,-172.2232208251953
42.40242028236389,-0.793216347694397,-0.7746975421905518,-172.1485748291016
42.60225582122803,-0.7525308132171631,-0.8625825047492981,-172.0641937255859
42.80235362052917,-0.7132857441902161,-0.7916289567947388,-171.9902496337891
43.00236797332764,-0.8066006302833557,-0.7704166173934937,-171.8865051269531
43.20329594612122,-0.857564389705658,-0.8045409917831421,-171.8055877685547
43.40305018424988,-0.8133651614189148,-0.917317807674408,-171.7140808105469
43.60306000709534,-0.7810332775115967,-0.7066186666488647,-171.6400909423828
43.80268669128418,-0.6661723852157593,-0.8075157403945923,-171.5493774414062
44.00278472900391,-0.7223834991455078,-0.8248384594917297,-171.4786834716797
44.20290875434875,-0.6819661259651184,-0.7562973499298096,-171.3932495117188
44.40300679206848,-0.713368833065033,-0.6770573854446411,-171.3097076416016
44.60282230377197,-0.7774384617805481,-0.7678284645080566,-171.2354736328125
44.80310583114624,-0.7760375738143921,-0.7486029267311096,-171.1742095947266
45.00268530845642,-0.8681023120880127,-0.7262845039367676,-171.0829772949219
45.20267248153687,-0.9106613993644714,-0.7585131525993347,-171.0202484130859
45.40264296531677,-0.8398830890655518,-0.9032742977142334,-170.9272766113281
45.60258078575134,-0.9565571546554565,-0.9172734618186951,-170.7512359619141
45.80383682250977,-0.965903639793396,-1.097626328468323,-170.5877380371094
46.00306439399719,-0.8581360578536987,-1.117327094078064,-170.426513671875
46.20345854759216,-0.9476140737533569,-1.190252184867859,-170.2489929199219
46.40340685844421,-1.069913268089294,-1.34498405456543,-170.0697937011719
46.60294246673584,-1.168971538543701,-1.250349164009094,-169.9303283691406
46.80282187461853,-1.352736115455627,-1.361785769462585,-169.7750549316406
47.00318479537964,-1.371123433113098,-1.355606317520142,-169.6439514160156
47.20311856269836,-1.299894690513611,-1.311546444892883,-169.5190582275391
47.40308165550232,-0.9261977076530457,-1.095417380332947,-169.3838043212891
47.60289978981018,-0.6156429648399353,-1.091218113899231,-169.2804718017578
47.80289220809937,-0.7287853360176086,-0.9323077797889709,-169.119873046875
48.00268578529358,-0.8231045007705688,-0.8184346556663513,-169.0083465576172
48.20245027542114,-0.7301753759384155,-0.7674795985221863,-168.8434600830078
48.40271997451782,-0.7153559923171997,-0.6963544487953186,-168.6838989257812
48.6037871837616,-0.7764135003089905,-0.6621019840240479,-168.5243988037109
48.80349183082581,-0.7889569997787476,-0.6175000071525574,-168.3101043701172
49.00348877906799,-0.8083459734916687,-0.6127983331680298,-168.1107482910156
49.20348072052002,-0.783660352230072,-0.5997848510742188,-167.8332672119141
49.40353560447693,-0.7037134766578674,-0.6565180420875549,-167.5537719726562
49.6033091545105,-0.4181717932224274,-0.672128438949585,-167.0972290039062
49.8033242225647,-0.2846289873123169,-0.7002550363540649,-166.5529479980469
50.00285935401917,-0.2773689031600952,-0.7624135613441467,-165.8924560546875
50.20310163497925,-0.1781810373067856,-0.8038942217826843,-165.1892700195312
50.40309715270996,-0.09348269551992416,-0.8449714183807373,-164.4681396484375
50.60305404663086,-0.120598204433918,-0.9184114336967468,-163.6674652099609
50.80263423919678,-0.137567400932312,-0.9716312885284424,-162.8280334472656
51.00263071060181,-0.1712111830711365,-1.029210567474365,-161.8887023925781
51.20413684844971,-0.2441198378801346,-1.060312271118164,-160.8618927001953
51.40354585647583,-0.1618077605962753,-1.134984016418457,-159.7342834472656
51.60366106033325,-0.06448020040988922,-1.204192757606506,-158.5052795410156
51.80340623855591,0.03744833543896675,-1.235832452774048,-157.1700897216797
52.00354599952698,0.3160718083381653,-1.317961454391479,-155.7531890869141
52.2033109664917,0.4783572852611542,-1.332574963569641,-154.2195281982422
52.40348029136658,0.4226069152355194,-1.335202813148499,-152.6130981445312
52.60315632820129,0.4918144643306732,-1.251304626464844,-150.8640747070312
52.8033013343811,0.4962769150733948,-1.128732442855835,-148.9333801269531
53.00300669670105,0.4318821132183075,-1.034545540809631,-146.8831634521484
53.02273845672607,0.4324485063552856,-1.017957806587219,-146.6698150634766
53.20307803153992,0.3393869698047638,-0.8758450150489807,-144.6712493896484
53.40315771102905,0.2884970605373383,-0.6735424995422363,-142.3341369628906
53.60387754440308,0.3008299171924591,-0.4897699058055878,-139.8926544189453
53.80392003059387,0.3922950923442841,-0.3057071268558502,-137.353271484375
54.0039439201355,0.7050328254699707,-0.1172693893313408,-134.7052001953125
54.20351362228394,1.027419805526733,-0.07284131646156311,-131.9924468994141
54.4040515422821,0.9453314542770386,-0.1173549443483353,-129.1797180175781
54.6038556098938,0.8141783475875854,-0.1397304236888885,-126.3238906860352
54.80342316627502,0.9917768239974976,-0.1990630030632019,-123.3962936401367
55.00343990325928,1.110693216323853,-0.3356207311153412,-120.3935089111328
55.20327019691467,0.9218067526817322,-0.4971824586391449,-117.3490524291992
55.22317814826965,0.8907788395881653,-0.5046470761299133,-117.0411987304688
55.40334677696228,0.6430484056472778,-0.6956947445869446,-114.2312774658203
55.60349011421204,0.6278579831123352,-0.6509768962860107,-111.1707153320312
55.80312275886536,0.6886768341064453,-0.8287245035171509,-108.281005859375
56.00306224822998,0.694845974445343,-0.8427383303642273,-105.4159698486328
56.20315670967102,0.6787434816360474,-0.8825225234031677,-102.6076583862305
56.40418481826782,0.5757286548614502,-0.8600050210952759,-99.97047424316406
56.60299801826477,0.3330978453159332,-0.7962842583656311,-97.50735473632812
56.80390977859497,0.4255209863185883,-0.7856165766716003,-95.23938751220703
57.00371909141541,0.5111467838287354,-0.7899441123008728,-93.28797912597656
57.20453143119812,0.3201162815093994,-0.6056658029556274,-91.49786376953125
57.40394067764282,0.5702298879623413,-0.3098953366279602,-89.88941192626953
57.60380887985229,0.7855649590492249,-0.1836686283349991,-88.52121734619141
57.80388474464417,0.6350734829902649,-0.03072304278612137,-87.14997863769531
58.00369477272034,0.3066978752613068,0.2255477160215378,-85.90542602539062
58.20345854759216,0.3492900133132935,0.1814059615135193,-84.83855438232422
58.40368485450745,0.7409785389900208,0.1659413129091263,-84.05896759033203
58.60408210754395,0.9869019985198975,0.1545158326625824,-83.48542785644531
58.80372214317322,0.990690290927887,-0.006536917760968208,-83.18980407714844
59.00313711166382,0.7278351187705994,-0.1289561241865158,-82.99716186523438
59.2033212184906,0.6026290655136108,-0.2391376048326492,-82.79118347167969
59.40439677238464,0.7260642647743225,-0.3454071283340454,-82.75646209716797
59.60417747497559,0.8390739560127258,-0.4743676483631134,-82.68125915527344
59.80421614646912,0.9001321196556091,-0.3851035833358765,-82.62857055664062
60.00414299964905,0.8392763733863831,-0.2980689704418182,-82.55453491210938
60.20416522026062,0.8141894936561584,-0.1480896770954132,-82.55567169189453
60.40400624275208,0.7110658288002014,-0.1789041459560394,-82.60415649414062
60.60396814346313,0.789815366268158,-0.1361797153949738,-82.62932586669922
60.80382823944092,0.6926400661468506,-0.2372138202190399,-82.70321655273438
61.20371508598328,0.6039794087409973,-0.1080347374081612,-82.82156372070312
61.40374350547791,0.7482300996780396,-0.1430918872356415,-82.88037109375
61.60337018966675,0.6629762053489685,-0.1615254282951355,-82.96593475341797
61.80350685119629,0.3809024691581726,-0.1541178673505783,-83.009521484375
62.00463771820068,0.27529376745224,-0.1719365119934082,-83.09090423583984
62.20470762252808,0.4018829762935638,-0.1075331643223763,-83.15391540527344
62.40452289581299,0.5711818933486938,0.0880558118224144,-83.21021270751953
62.60399794578552,0.4122422337532043,0.1627785414457321,-83.28892517089844
62.80397987365723,0.3065018057823181,0.2751389145851135,-83.31600952148438
63.00392150878906,0.1811156868934631,0.2889895141124725,-83.39296722412109
63.20411825180054,0.2460483759641647,0.3558419644832611,-83.42333984375
63.40386819839478,0.3864134848117828,0.3035948276519775,-83.46958160400391
63.60396814346313,0.3806290924549103,0.1880359202623367,-83.50813293457031
63.80369091033936,0.3859259188175201,0.08023932576179504,-83.48562622070312
64.00368046760559,0.4478765428066254,-0.1046412885189056,-83.49723052978516
64.2034740447998,0.4656442701816559,-0.2764237225055695,-83.48571014404297
64.4038519859314,0.4198930263519287,-0.3951535522937775,-83.45867919921875
64.60365843772888,0.4328575134277344,-0.5593008995056152,-83.45342254638672
64.80477738380432,0.4887344837188721,-0.7361324429512024,-83.41693878173828
65.00442457199097,0.4821097254753113,-0.7188190221786499,-83.37996673583984
65.2043571472168,0.6130764484405518,-0.8003905415534973,-83.32545471191406
65.40432715415955,0.7565861344337463,-0.7824112772941589,-83.29585266113281
65.60418581962585,0.7893695831298828,-0.7852029800415039,-83.26883697509766
65.80428981781006,0.8079737424850464,-0.7781230807304382,-83.22564697265625
66.00408220291138,0.7836613655090332,-0.8014156222343445,-83.20975494384766
66.40399384498596,0.8621681332588196,-0.8028354644775391,-83.15625762939453
66.603919506073,0.9038525223731995,-0.8149600625038147,-83.12619018554688
66.80381083488464,0.9103957414627075,-0.8212034702301025,-83.11469268798828
67.00389814376831,0.9064437747001648,-0.8230037093162537,-83.10269165039062
67.20431518554688,0.9088948369026184,-0.8123229742050171,-83.09766387939453
67.40509104728699,0.9348609447479248,-0.8179791569709778,-83.09371948242188
67.6046450138092,0.9530222415924072,-0.8195527791976929,-83.08906555175781
67.80460810661316,0.9550986886024475,-0.8181216716766357,-83.08203125
68.00494527816772,0.9533978700637817,-0.8063074946403503,-83.07512664794922
68.20471215248108,0.9489731192588806,-0.7796339392662048,-83.0721435546875
68.4043185710907,0.9705066680908203,-0.7483309507369995,-83.06296539306641
68.60431098937988,1.004280805587769,-0.7070736289024353,-83.05082702636719
68.80427026748657,0.9800614714622498,-0.6575452089309692,-83.02713775634766
69.00425267219543,0.9104170799255371,-0.6183972358703613,-82.98806762695312
69.20446228981018,0.9043548703193665,-0.5729336738586426,-82.93101501464844
69.40429997444153,1.02364194393158,-0.4608868956565857,-82.83635711669922
69.60419154167175,1.087591290473938,-0.4869069755077362,-82.70866394042969
69.80409622192383,1.022500872612,-0.4650244414806366,-82.54913330078125
70.00414800643921,1.061088800430298,-0.4677997827529907,-82.30851745605469
70.20393800735474,1.153087258338928,-0.4705657064914703,-81.97049713134766
70.40509819984436,1.200095891952515,-0.468373566865921,-81.49372100830078
70.6051766872406,1.414343476295471,-0.4415507316589355,-80.91690826416016
70.80498838424683,1.421447038650513,-0.1598789840936661,-80.25891876220703
71.00501346588135,1.087353944778442,-0.02439636737108231,-79.46144866943359
71.20463037490845,0.7921441793441772,0.1443628519773483,-78.46401977539062
71.40450549125671,0.7603996396064758,0.14218670129776,-77.35372161865234
71.60433578491211,0.694421112537384,0.2967631816864014,-75.99840545654297
71.80455660820007,0.5128726959228516,0.3503605723381042,-74.28299713134766
72.00450992584229,0.4678573608398438,0.08190631866455078,-72.23146057128906
72.20426797866821,0.1947442442178726,-0.08551239222288132,-69.89484405517578
72.40408754348755,0.03655670210719109,-0.0309545025229454,-67.37773132324219
72.60436487197876,-0.2847143709659576,-0.03684052079916,-64.75257110595703
72.80442762374878,-0.8871691226959229,-0.00246484437957406,-61.77224731445312
73.00525856018066,-1.326176404953003,-0.01102813985198736,-58.2294921875
73.20513081550598,-1.280349373817444,0.02153120934963226,-54.16133499145508
73.40484642982483,-1.394651532173157,0.02726974338293076,-49.6027717590332
73.60488796234131,-1.605578184127808,0.01559065282344818,-44.60859298706055
73.80490040779114,-1.386419177055359,-0.01948143355548382,-39.48323822021484
74.00504660606384,-0.963712751865387,-0.1794836968183517,-34.35701370239258
74.20479941368103,-0.5657897591590881,-0.2217841595411301,-29.42680549621582
74.4047589302063,-0.1880858242511749,-0.4075620770454407,-25.05790710449219
74.60459566116333,-0.2489751130342484,-0.4219121634960175,-21.43066596984863
74.80486559867859,-0.06669793277978897,-0.3349355757236481,-18.1132984161377
75.00469088554382,0.2006446570158005,-0.4207635223865509,-15.04765224456787
75.20436596870422,0.2685369849205017,-0.3196152448654175,-12.09369277954102
75.40438914299011,0.2843758761882782,-0.3484676480293274,-9.297327995300293
75.60451006889343,0.2975834012031555,-0.5274164080619812,-6.834316730499268
75.80540418624878,0.4792327880859375,-0.3804029226303101,-4.637312889099121
76.00545120239258,0.5429211258888245,-0.2434898316860199,-2.676798105239868
76.20514869689941,0.5702764391899109,-0.2751619517803192,-0.966032862663269
76.40520811080933,0.6931641101837158,-0.1749113202095032,0.3779496550559998
76.60525965690613,0.8550736904144287,-0.1402945816516876,1.319502353668213
76.80491089820862,0.8651792407035828,-0.2545758783817291,1.995037078857422
77.00511503219604,0.8184911012649536,-0.3310188353061676,2.597472429275513
77.20505881309509,0.7903764843940735,-0.3618045449256897,3.161417484283447
77.40488862991333,0.8512058854103088,-0.4731147885322571,3.623353719711304
77.60489320755005,0.9037542343139648,-0.3832401037216187,3.943198204040527
77.8049418926239,0.9538913369178772,-0.4254958033561707,4.161868572235107
78.00449299812317,0.9340859651565552,-0.4648716151714325,4.355690002441406
78.20586752891541,1.034616827964783,-0.4556668102741241,4.435683727264404
78.40575003623962,1.003066897392273,-0.4161811470985413,4.445304870605469
78.60535883903503,1.066728353500366,-0.4156450927257538,4.496549606323242
78.80526399612427,1.212690711021423,-0.3483571708202362,4.53095006942749
79.00520443916321,1.091598153114319,-0.3026396632194519,4.630955219268799
79.20557236671448,0.9785182476043701,-0.4285375773906708,4.805198669433594
79.40530014038086,1.105581164360046,-0.5061248540878296,4.936151504516602
79.60502791404724,1.322509288787842,-0.5817229747772217,4.978993892669678
80.00500965118408,1.385650396347046,-0.3532697856426239,5.033328056335449
80.20487689971924,1.434447646141052,-0.3809360861778259,5.061812877655029
80.40506458282471,1.477319002151489,-0.3556990027427673,5.108238220214844
80.60575819015503,1.449950695037842,-0.4712300896644592,5.13175106048584
80.80508542060852,1.461037158966064,-0.5238907933235168,5.148942470550537
81.00493192672729,1.620186686515808,-0.5130221247673035,5.168953895568848
81.20557141304016,1.641168713569641,-0.3677890002727509,5.163839817047119
81.40564656257629,1.717894554138184,-0.3309787213802338,5.180931091308594
81.60545134544373,1.668426036834717,-0.2994657754898071,5.179839611053467
81.80546379089355,1.797135353088379,-0.336232602596283,5.1925368309021
82.0053915977478,1.887056469917297,-0.4263684749603271,5.198136329650879
82.20536971092224,2.030105113983154,-0.4355311393737793,5.214566707611084
82.40536975860596,2.007688999176025,-0.4445778727531433,5.243866920471191
82.60497999191284,1.946955323219299,-0.3303946256637573,5.264402866363525
82.805011510849,2.020407438278198,-0.3162366151809692,5.303590297698975
83.00491857528687,1.952112317085266,-0.2615868449211121,5.308999538421631
83.20514416694641,1.918104887008667,-0.189794197678566,5.334490299224854
83.40494155883789,1.913919448852539,-0.2127651125192642,5.345310211181641
83.60614204406738,1.76450526714325,-0.1516839861869812,5.346702575683594
83.80597138404846,1.682473540306091,-0.1395096033811569,5.388870716094971
84.00596928596497,1.618413209915161,-0.2342491149902344,5.381743907928467
84.20589923858643,1.508157134056091,-0.2093121409416199,5.396293163299561
84.4055609703064,1.341401219367981,-0.202654242515564,5.409727096557617
84.60543656349182,1.161311864852905,-0.1589957922697067,5.43726634979248
84.80537390708923,0.8836174607276917,-0.2229910641908646,5.44907283782959
85.00570607185364,0.8360852003097534,-0.2345144003629684,5.442972183227539
85.20563960075378,0.6765137910842896,-0.187652200460434,5.428380966186523
85.40544056892395,0.4121277332305908,-0.1897626966238022,5.435849666595459
85.6049792766571,0.2992353439331055,-0.1402751207351685,5.488288402557373
85.80520057678223,0.2275727987289429,-0.1591147482395172,5.563409805297852
86.005047082901,0.1988245844841003,-0.1489613950252533,5.620767593383789
86.20616579055786,0.06138454005122185,-0.2441527098417282,5.664196491241455
86.40599679946899,-0.0590205006301403,-0.3799192905426025,5.807456016540527
86.60618209838867,0.03798071667551994,-0.4355809092521667,6.002379417419434
86.80608129501343,0.0432189516723156,-0.4288165271282196,6.171365737915039
87.00608897209167,0.007573561277240515,-0.3799236714839935,6.379773616790771
87.20560812950134,0.06420040875673294,-0.4318912327289581,6.581010341644287
87.40586519241333,0.2372129857540131,-0.4624378681182861,6.719253063201904
87.60578775405884,0.4087185561656952,-0.5096575617790222,6.91131067276001
87.80539751052856,0.3813508152961731,-0.5511553883552551,7.09999418258667
88.005446434021,0.4953643083572388,-0.475991815328598,7.204482078552246
88.20540833473206,0.6393571496009827,-0.5487523078918457,7.320372581481934
88.40549969673157,0.7279159426689148,-0.4798637628555298,7.416587829589844
88.60639834403992,0.906255304813385,-0.522046685218811,7.452923774719238
88.80636286735535,0.9721692800521851,-0.4931377768516541,7.470355033874512
89.00623631477356,1.056095957756042,-0.4636490643024445,7.49439811706543
89.20606970787048,1.129699945449829,-0.5085503458976746,7.49406099319458
89.40601682662964,1.277286887168884,-0.5188500285148621,7.5144944190979
89.80611634254456,1.279941201210022,-0.718006432056427,7.553986549377441
90.0058650970459,1.307219624519348,-0.7199325561523438,7.592236518859863
90.20579266548157,1.4983149766922,-0.7528618574142456,7.608994960784912
90.40546631813049,1.653592467308044,-0.7039887309074402,7.655499458312988
90.60546660423279,1.534026026725769,-0.8025288581848145,7.690878868103027
90.80567932128906,1.683944463729858,-0.7480475306510925,7.756767749786377
91.0056939125061,1.843764185905457,-0.8515740036964417,7.798863410949707
91.20551371574402,1.785149335861206,-0.9806729555130005,7.880979061126709
91.40634298324585,1.74344539642334,-1.092028498649597,7.967478275299072
91.60618805885315,1.831429123878479,-1.068966269493103,8.04851245880127
91.8061203956604,1.890066862106323,-1.011915922164917,8.156314849853516
92.00611519813538,1.690986633300781,-1.060238838195801,8.268563270568848
92.2061243057251,1.53685998916626,-1.128347873687744,8.509928703308105
92.40614914894104,1.483726859092712,-1.082996964454651,8.879273414611816
92.60617733001709,1.389398336410522,-1.001485466957092,9.393213272094727
92.80608487129211,1.174318790435791,-0.879888117313385,10.15676784515381
92.82605290412903,1.151780128479004,-0.8810941576957703,10.24372482299805
93.00611996650696,1.090323090553284,-0.8517919182777405,11.08083534240723
93.20565176010132,1.057024121284485,-1.099847316741943,12.104811668396
93.4059157371521,0.9286395907402039,-1.026980519294739,13.11292934417725
93.60574102401733,0.8364118933677673,-0.9871628880500793,14.1666841506958
93.80558085441589,0.7137793302536011,-0.7838951349258423,15.21230888366699
94.00646090507507,0.6557207107543945,-0.6664407849311829,16.27298545837402
94.20635223388672,0.6594931483268738,-0.7169995903968811,17.2886791229248
94.40642499923706,0.7655091285705566,-0.8033502101898193,18.10731315612793
94.60631728172302,1.081790566444397,-0.8552149534225464,18.60216331481934
94.80630373954773,1.324153900146484,-0.9240173697471619,18.61117172241211
95.00636053085327,1.480975270271301,-0.9641607403755188,18.40921592712402
95.20620799064636,1.730038404464722,-1.194008946418762,18.03682518005371
95.40653371810913,2.134588479995728,-1.277736067771912,17.46463394165039
95.60590648651123,2.512478590011597,-1.064854979515076,16.74288940429688
95.80596733093262,2.68213152885437,-0.6981852054595947,15.94074535369873
96.00604152679443,3.020971059799194,-0.7816922664642334,15.04529190063477
96.20575594902039,3.168133735656738,-0.9702030420303345,14.09545040130615
96.40572190284729,3.263965606689453,-0.8634880781173706,13.20510196685791
96.60606575012207,3.450212955474854,-0.4450080692768097,12.30689239501953
96.8065881729126,3.55983567237854,-0.3985612988471985,11.38558959960938
97.0068473815918,3.586901426315308,-0.3768145740032196,10.47066974639893
97.20685958862305,3.528889894485474,-0.3789430260658264,9.535188674926758
97.40681719779968,3.585424423217773,-0.4331202208995819,8.609514236450195
97.60629081726074,3.39848518371582,-0.335538774728775,7.707921028137207
97.80627846717834,3.056589126586914,-0.4113251268863678,6.817907810211182
98.00642585754395,2.816400051116943,-0.3394685089588165,6.081064701080322
98.20613765716553,2.787366628646851,-0.390417605638504,5.453790664672852
98.40653133392334,2.575454235076904,-0.3943967819213867,4.947211265563965
98.60687875747681,2.415470838546753,-0.3849671483039856,4.551421165466309
98.8063702583313,2.379929304122925,-0.3698216378688812,4.258792877197266
99.00639581680298,2.2132887840271,-0.2486370950937271,4.074098110198975
99.20593762397766,2.082280874252319,-0.2917226850986481,4.023366451263428
99.40622901916504,1.992669582366943,-0.2387572526931763,4.013789176940918
99.60703730583191,1.921769261360168,-0.4262315034866333,3.992866039276123
99.80687689781189,2.052896976470947,-0.5516067147254944,3.993208885192871
100.0066256523132,1.949679970741272,-0.6978033781051636,3.976060390472412
100.2066128253937,1.80455482006073,-0.7660531401634216,3.972565889358521
100.4069271087646,1.945138573646545,-0.7838031053543091,3.980494022369385
100.606498003006,2.087006807327271,-0.9076455235481262,3.978219509124756
100.8064200878143,2.188636779785156,-0.8615822792053223,4.007737159729004
101.0065877437592,2.065996646881104,-0.8092915415763855,4.017848968505859
101.2063465118408,2.162229537963867,-0.6710276007652283,4.062589645385742
101.4062147140503,2.261705160140991,-0.7121012210845947,4.113221168518066
101.6061325073242,2.403230428695679,-0.8355327844619751,4.16280460357666
101.8063359260559,2.311643838882446,-0.9713535904884338,4.226755142211914
102.0061681270599,2.313766479492188,-1.0595623254776,4.280116081237793
102.2074995040894,2.335251331329346,-1.151244640350342,4.335527896881104
102.4071507453918,2.3640456199646,-1.110150098800659,4.442104339599609
102.6068730354309,2.330151319503784,-1.048582077026367,4.568411350250244
102.8070986270905,2.149620056152344,-1.023875594139099,4.695731163024902
103.0069062709808,2.008213758468628,-1.01470673084259,4.80763053894043
103.2065148353577,2.02210545539856,-1.047975897789001,4.91742992401123
103.4065542221069,2.095931768417358,-0.9936334490776062,5.027723789215088
103.6063883304596,2.137087821960449,-0.9446797966957092,5.125594139099121
103.8066759109497,2.051669597625732,-0.9126212000846863,5.238157272338867
104.006756067276,2.078424692153931,-0.8047945499420166,5.350830078125
104.2063231468201,2.09994912147522,-0.8341884613037109,5.45201301574707
104.4065282344818,2.025606632232666,-0.8579200506210327,5.555928707122803
104.6062190532684,1.942492485046387,-0.8940796256065369,5.665271759033203
104.6261246204376,1.919753909111023,-0.9008498191833496,5.672870635986328
104.8061263561249,1.964624881744385,-0.908191978931427,5.761860847473145
105.0072033405304,1.960608720779419,-0.9327117204666138,5.847093105316162
105.2069728374481,2.04007887840271,-0.9662829041481018,5.946770668029785
105.4068264961243,2.259305953979492,-0.9952422976493835,5.985734939575195
105.6070110797882,2.43647289276123,-0.9744698405265808,6.016329288482666
105.6267108917236,2.433238983154297,-0.9634393453598022,6.014173984527588
105.8067200183868,2.288746356964111,-0.9627828001976013,5.984443187713623
106.0067114830017,2.210595607757568,-0.9644888043403625,5.986448287963867
106.0265822410583,2.212110996246338,-0.9541266560554504,5.98580265045166
106.2067193984985,2.274825811386108,-0.9248380064964294,5.972500801086426
106.406564950943,2.280230045318604,-0.9364103674888611,5.96697998046875
106.6064808368683,2.292534589767456,-0.9974252581596375,5.955691814422607
106.8067836761475,2.453331470489502,-0.9770869016647339,5.981122016906738
107.006441116333,2.43976902961731,-1.007497191429138,6.004147052764893
107.2064266204834,2.407504558563232,-0.8745659589767456,6.050789356231689
107.4063220024109,2.491068840026855,-0.8189185857772827,6.087072849273682
107.6074013710022,2.511372089385986,-0.7572284340858459,6.141937255859375
107.8071022033691,2.409226655960083,-0.6948425769805908,6.190029621124268
108.007319688797,2.390956163406372,-0.6572441458702087,6.245772361755371
108.2070977687836,2.373974323272705,-0.6556295156478882,6.28960132598877
108.4074702262878,2.309020280838013,-0.6391773819923401,6.32538890838623
108.6073496341705,2.439148664474487,-0.6759998202323914,6.372637271881104
108.8071718215942,2.512409925460815,-0.6490688920021057,6.417781352996826
109.0068881511688,2.385857820510864,-0.5896828770637512,6.473349571228027
109.2071740627289,2.260189533233643,-0.6269024014472961,6.49770450592041
109.4071292877197,2.324431419372559,-0.5285041928291321,6.563087940216064
109.6070032119751,2.372976779937744,-0.4517211616039276,6.605916500091553
109.8070225715637,2.420052051544189,-0.4399032294750214,6.651495456695557
110.0064883232117,2.471980333328247,-0.4911070764064789,6.724329948425293
110.2067427635193,2.413320064544678,-0.4910291433334351,6.820080757141113
110.2276287078857,2.402053833007812,-0.5000867247581482,6.82918119430542
110.4077849388123,2.349352359771729,-0.5271465182304382,6.931797027587891
110.607542514801,2.298745393753052,-0.6124110817909241,7.05937385559082
110.8075776100159,2.29491114616394,-0.6907342672348022,7.253774166107178
111.0075991153717,2.364523649215698,-0.8152055740356445,7.414015293121338
111.2074394226074,2.443923473358154,-0.8035598993301392,7.550003528594971
111.407541513443,2.421262264251709,-0.8109863996505737,7.68159294128418
111.607275724411,2.311878204345703,-0.7810953259468079,7.866195201873779
111.807382106781,2.318832635879517,-0.7041385173797607,8.135705947875977
112.0070950984955,2.342824220657349,-0.6146689057350159,8.451658248901367
112.2068061828613,2.127948045730591,-0.5389345288276672,8.908065795898438
112.4069950580597,2.119429588317871,-0.4939310848712921,9.482996940612793
112.6079506874084,2.145163297653198,-0.4942988455295563,10.17134189605713
112.8079791069031,2.086053371429443,-0.4859987795352936,10.99835014343262
113.0077834129333,2.149599552154541,-0.4956925213336945,11.91664886474609
113.2079286575317,2.112406492233276,-0.4191125631332397,12.85711002349854
113.4077401161194,1.871541738510132,-0.4830765724182129,13.86552143096924
113.6073837280273,1.791159868240356,-0.4455271363258362,14.90348434448242
113.807540178299,1.890239000320435,-0.394104927778244,15.91338348388672
114.0076079368591,1.903673529624939,-0.354189395904541,16.87821769714355
114.2071886062622,1.928136467933655,-0.3986436724662781,17.83877563476562
114.406970500946,1.985745906829834,-0.4704684615135193,18.70428848266602
114.6069931983948,1.908255100250244,-0.5409164428710938,19.46683311462402
115.0070958137512,1.727428317070007,-0.5991547107696533,20.73619079589844
115.2067930698395,1.815589904785156,-0.6269398331642151,21.24936676025391
115.4080579280853,1.767362117767334,-0.6165423393249512,21.7093334197998
115.6076109409332,1.680583953857422,-0.6419740319252014,22.09432029724121
115.8075790405273,1.697562694549561,-0.6430844664573669,22.4339427947998
116.0074896812439,1.730473399162292,-0.6271592974662781,22.72830772399902
116.2076404094696,1.723963499069214,-0.6150911450386047,22.98716163635254
116.4073793888092,1.638514876365662,-0.5795100927352905,23.21932029724121
116.4272255897522,1.627671718597412,-0.5760143399238586,23.24135398864746
116.6072235107422,1.560298800468445,-0.5660182237625122,23.41746711730957
116.8073720932007,1.567420959472656,-0.5625959634780884,23.62848472595215
117.0070195198059,1.571603298187256,-0.566785991191864,23.81059265136719
117.2070875167847,1.57016921043396,-0.566132664680481,23.98538208007812
117.4069554805756,1.582342267036438,-0.5090646147727966,24.15934944152832
117.6071186065674,1.561771273612976,-0.4730588793754578,24.33634948730469
117.8080501556396,1.550172448158264,-0.4522675573825836,24.52932167053223
118.0079801082611,1.564373970031738,-0.4388408064842224,24.73166656494141
118.2080366611481,1.561367869377136,-0.4413069188594818,24.94120788574219
118.40811419487,1.563290953636169,-0.4294935166835785,25.16841697692871
118.607901096344,1.588393807411194,-0.3923945724964142,25.40032005310059
118.8077223300934,1.625520944595337,-0.4030534029006958,25.63471984863281
119.0077364444733,1.676671266555786,-0.4343779385089874,25.83662605285645
119.2074553966522,1.717352151870728,-0.4419812262058258,25.95732879638672
119.4074342250824,1.714125990867615,-0.4521866142749786,25.98515701293945
119.6072578430176,1.705713987350464,-0.5120425224304199,25.9390754699707
119.8074679374695,1.64135479927063,-0.5843484997749329,25.75211143493652
120.0084135532379,1.62229311466217,-0.5648026466369629,25.47433471679688
120.2078738212585,1.640059947967529,-0.5817914009094238,25.11141395568848
120.4081928730011,1.668132662773132,-0.546486496925354,24.69437408447266
120.607809305191,1.686617493629456,-0.5692060589790344,24.21014976501465
120.808198928833,1.633936405181885,-0.5529811978340149,23.6053295135498
121.0078179836273,1.521991848945618,-0.5077663660049438,22.95815086364746
121.2078998088837,1.547516703605652,-0.5024123191833496,22.38491630554199
121.4077773094177,1.604288458824158,-0.4649953544139862,21.90939331054688
121.6080210208893,1.534573316574097,-0.4545414745807648,21.5229549407959
121.8074395656586,1.538809895515442,-0.4185467958450317,21.25851821899414
122.0077619552612,1.624389171600342,-0.4020375311374664,21.04986953735352
122.2077331542969,1.615374445915222,-0.3932904601097107,20.91305923461914
122.407653093338,1.61083710193634,-0.3825729489326477,20.81890487670898
122.6084861755371,1.631417155265808,-0.3822707831859589,20.75846862792969
122.8084197044373,1.628475666046143,-0.3809399604797363,20.73033332824707
123.0084114074707,1.627736687660217,-0.3808022439479828,20.71821784973145
123.2079758644104,1.630133390426636,-0.3802477419376373,20.72578048706055
123.4084024429321,1.638282775878906,-0.3805423974990845,20.73505973815918
123.608279466629,1.63272750377655,-0.3756755888462067,20.74517631530762
123.8082582950592,1.636247038841248,-0.3744930326938629,20.75254249572754
124.0082411766052,1.659400343894958,-0.3536199033260345,20.73783683776855
124.2082331180573,1.66385555267334,-0.3162332773208618,20.69373321533203
124.408013343811,1.653697967529297,-0.2832740843296051,20.60383415222168
124.6079640388489,1.619608283042908,-0.2562008500099182,20.47122001647949
124.8082485198975,1.573599338531494,-0.2282585650682449,20.33166694641113
125.0079238414764,1.549139618873596,-0.1942744106054306,20.18014335632324
125.2078235149384,1.560688495635986,-0.1743823289871216,20.02701759338379
125.4075083732605,1.616596817970276,-0.1531928032636642,19.85943222045898
125.6085784435272,1.681870579719543,-0.1100291088223457,19.6760139465332
125.8082780838013,1.734469652175903,-0.08633150160312653,19.4931755065918
126.0081214904785,1.740125894546509,-0.09591963142156601,19.30148506164551
126.2082223892212,1.750355958938599,-0.1287209689617157,19.10091590881348
126.4081025123596,1.70807683467865,-0.120379664003849,18.88023948669434
126.6080334186554,1.627351760864258,-0.1311151087284088,18.64958381652832
126.8079481124878,1.634059906005859,-0.1758556962013245,18.42599868774414
127.0082015991211,1.633551478385925,-0.2807372808456421,18.18979835510254
127.2082116603851,1.713826417922974,-0.2826339900493622,17.93332672119141
127.4080727100372,1.826939344406128,-0.3313528895378113,17.60642242431641
127.6080684661865,1.843276739120483,-0.356654942035675,17.27209854125977
127.8077244758606,1.856253385543823,-0.3665089309215546,16.9378833770752
128.0088467597961,1.974661111831665,-0.3615002930164337,16.57614517211914
128.2087869644165,2.032817363739014,-0.3583561480045319,16.24090576171875
128.4084026813507,2.036317825317383,-0.3055174350738525,15.92679500579834
128.6087136268616,2.047203063964844,-0.3150697648525238,15.66872119903564
128.8086688518524,2.094772815704346,-0.352403998374939,15.41436004638672
129.0085685253143,2.099987506866455,-0.3469304144382477,15.21609497070312
129.2080824375153,2.011887788772583,-0.3567412197589874,15.08251476287842
129.4082131385803,2.005728006362915,-0.3824396729469299,14.95317649841309
129.6082546710968,2.035630941390991,-0.3688944280147552,14.8780345916748
129.8083820343018,2.0084228515625,-0.3776708245277405,14.8021240234375
130.0083487033844,2.025917768478394,-0.3534318208694458,14.72508239746094
130.2082109451294,2.016018152236938,-0.3186653852462769,14.68590831756592
130.408102273941,1.95033586025238,-0.2757321894168854,14.61810874938965
130.6081292629242,1.911793947219849,-0.2586499452590942,14.59053707122803
130.808619260788,1.948702573776245,-0.2699081301689148,14.55010032653809
131.0088889598846,1.937173008918762,-0.2789624035358429,14.56073665618896
131.2086200714111,1.860981225967407,-0.2680336236953735,14.64358520507812
131.4085586071014,1.782615780830383,-0.2891769707202911,14.86481666564941
131.608496427536,1.728445291519165,-0.2970061302185059,15.25680637359619
131.8086915016174,1.648853898048401,-0.366955041885376,15.80452728271484
132.0083796977997,1.625058054924011,-0.3792639076709747,16.55205154418945
132.2090845108032,1.579126596450806,-0.3183220326900482,17.56279373168945
132.408481836319,1.346932291984558,-0.3127277791500092,18.90684509277344
132.6084339618683,1.331361889839172,-0.3230934143066406,20.47254753112793
132.8080961704254,1.122244715690613,-0.2740533649921417,22.33999061584473
132.8278930187225,1.082360863685608,-0.2598389983177185,22.54639625549316
133.0080876350403,0.733727753162384,-0.2346258908510208,24.54172897338867
133.2090766429901,0.5652121901512146,-0.180716946721077,27.00596809387207
133.4090166091919,0.5718145370483398,-0.08168964833021164,29.64682769775391
133.6088051795959,0.5866461992263794,-0.0785122886300087,32.39903259277344
133.8087131977081,0.6632107496261597,-0.04702078551054001,35.26255416870117
134.0090756416321,0.6551277637481689,-0.1764869391918182,38.19066619873047
134.2087762355804,0.4739615917205811,-0.243640199303627,41.14320755004883
134.4088697433472,0.4995197355747223,-0.3659053444862366,44.17711639404297
134.6087868213654,0.5812322497367859,-0.3873999118804932,47.23080825805664
134.8089785575867,0.4374839067459106,-0.4869195818901062,50.29769897460938
135.0087380409241,0.4410060942173004,-0.5365701913833618,53.37539672851562
135.2087917327881,0.5415448546409607,-0.6980584859848022,56.4494743347168
135.4086997509003,0.5654743909835815,-0.7318630814552307,59.55549621582031
135.6081991195679,0.3443377912044525,-0.9329412579536438,62.68710327148438
135.808477640152,0.2095533013343811,-1.115271687507629,65.77853393554688
136.008531332016,0.2768037021160126,-1.208934187889099,68.78505706787109
136.2081487178802,0.3669455051422119,-1.277367115020752,71.70571899414062
136.4089522361755,0.2357377558946609,-1.171987295150757,74.47367858886719
136.609454870224,0.1680874973535538,-1.080525517463684,77.06876373291016
136.8089594841003,0.2220907062292099,-0.8335790038108826,79.32303619384766
137.0091581344604,0.1046086251735687,-0.9944226741790771,81.319580078125
137.2087106704712,0.0713317021727562,-1.009516477584839,83.18544006347656
137.4086427688599,0.2000199556350708,-1.111281633377075,84.82367706298828
137.6090247631073,0.4157185852527618,-1.157334685325623,86.3167724609375
137.8089971542358,0.4423909485340118,-1.127729415893555,87.69624328613281
138.008455991745,0.3156935274600983,-1.10163414478302,89.00007629394531
138.2084050178528,0.170322597026825,-0.8535401821136475,90.21677398681641
138.4084045886993,0.2905440926551819,-0.8766321539878845,91.23764801025391
138.4282619953156,0.2994933724403381,-0.8663187026977539,91.33327484130859
138.6083223819733,0.3473296463489532,-0.7545846104621887,92.12760162353516
138.8081617355347,0.3958052098751068,-0.6629735827445984,92.80161285400391
139.00816822052,0.5407834649085999,-0.7447196841239929,93.17768096923828
139.2092192173004,0.5004276633262634,-0.8770358562469482,93.43834686279297
139.4100162982941,0.5097644925117493,-0.9115881323814392,93.68241119384766
139.609118938446,0.4845328032970428,-0.9484792947769165,93.9864501953125
139.8089265823364,0.3619858920574188,-0.9087020754814148,94.34575653076172
140.0088975429535,0.5213667750358582,-0.9490957260131836,94.64630126953125
140.2087738513947,0.6810401082038879,-0.8989495635032654,94.94093322753906
140.4086964130402,0.7046339511871338,-0.8949623107910156,95.13549041748047
140.6088194847107,0.7586643695831299,-0.8761321306228638,95.27168273925781
140.6285855770111,0.7544177174568176,-0.8743825554847717,95.28699493408203
140.8086009025574,0.676937460899353,-0.8705440759658813,95.427001953125
141.0085928440094,0.7295922040939331,-0.8351108431816101,95.56651306152344
141.2084639072418,0.8395922780036926,-0.8200059533119202,95.70128631591797
141.4083638191223,0.7722289562225342,-0.7766230702400208,95.85826873779297
141.6082966327667,0.7734490036964417,-0.7742233872413635,95.98273468017578
141.8092570304871,0.7886437177658081,-0.8343487977981567,96.10550689697266
142.0093035697937,0.726386547088623,-0.7851014137268066,96.25309753417969
142.2093405723572,0.8463441133499146,-0.8684712648391724,96.35574340820312
142.4093198776245,0.9315539598464966,-0.8618695735931396,96.47380828857422
142.6091454029083,0.9288210272789001,-0.7880448698997498,96.58522796630859
142.8093206882477,0.8961277008056641,-0.8235665559768677,96.66655731201172
143.0089597702026,0.910143256187439,-0.7600421905517578,96.74581909179688
143.2091476917267,0.8644416928291321,-0.7928422093391418,96.79073333740234
143.4091331958771,0.7863311171531677,-0.8754525184631348,96.81936645507812
143.6090421676636,0.863511860370636,-0.9028432965278625,96.85802459716797
143.8089959621429,0.9589165449142456,-0.9381571412086487,96.90057373046875
144.0090193748474,0.9612945318222046,-0.961234450340271,96.96873474121094
144.2089684009552,0.9637907743453979,-1.003674268722534,97.01576995849609
144.4086735248566,0.9475494027137756,-1.052454352378845,97.06980133056641
144.6096820831299,0.8905760049819946,-1.022555112838745,97.09442901611328
144.809627532959,0.8416480422019958,-1.053479552268982,97.12854766845703
145.0094285011292,0.8767578601837158,-0.9582115411758423,97.14613342285156
145.2095668315887,0.8511068224906921,-0.9103075861930847,97.17776489257812
145.4092981815338,0.8288121819496155,-0.839133620262146,97.22116851806641
145.6092648506165,0.8821697235107422,-0.8726853132247925,97.24949645996094
145.809544801712,1.000288605690002,-0.8670374155044556,97.25556945800781
146.2090463638306,1.006158471107483,-0.8409007787704468,97.26348876953125
146.608934879303,1.050624847412109,-0.8163594007492065,97.28569793701172
146.8101832866669,0.9749318361282349,-0.8439819812774658,97.30138397216797
147.0098226070404,0.9821916222572327,-0.8312708735466003,97.30312347412109
147.2097547054291,1.019867181777954,-0.8330869674682617,97.29754638671875
147.4094326496124,0.8744660019874573,-0.8430444002151489,97.31330871582031
147.6095323562622,0.775959312915802,-0.8234275579452515,97.31953430175781
147.8096985816956,0.8144486546516418,-0.8400837182998657,97.32567596435547
148.0093579292297,0.8294335007667542,-0.8793066143989563,97.33771514892578
148.2091450691223,0.8653219938278198,-0.865060031414032,97.34056091308594
148.4091296195984,0.8861730694770813,-0.890721321105957,97.34837341308594
148.6092057228088,0.9211223721504211,-0.9066930413246155,97.34650421142578
148.8094596862793,0.9715266823768616,-0.9193201661109924,97.32862091064453
149.009069442749,0.9152263998985291,-0.9165626764297485,97.31048583984375
149.2090537548065,0.9362902641296387,-0.932889997959137,97.28838348388672
149.4093430042267,1.023733615875244,-0.948101818561554,97.27133941650391
149.6102359294891,1.027549386024475,-0.9554327130317688,97.26120758056641
149.8098523616791,1.055459856987,-0.9408298134803772,97.24103546142578
150.0101306438446,1.101351499557495,-0.9410057663917542,97.22947692871094
150.0300095081329,1.106610774993896,-0.9409845471382141,97.22870635986328
150.209676027298,1.082505464553833,-0.9285212755203247,97.22561645507812
150.410010099411,1.05680525302887,-0.9405722618103027,97.21769714355469
150.6098554134369,1.065503597259521,-0.941053032875061,97.21121215820312
150.8094940185547,1.074657201766968,-0.9434630274772644,97.20693969726562
151.009369134903,1.05568265914917,-0.9396039843559265,97.20286560058594
151.2092258930206,1.043508887290955,-0.9378142952919006,97.1995849609375
151.4092614650726,1.039119839668274,-0.9358763098716736,97.19508361816406
151.6093649864197,1.046656250953674,-0.9349114298820496,97.19548797607422
151.8093869686127,1.041856169700623,-0.9343860745429993,97.20030975341797
152.0095083713531,1.040042638778687,-0.9305261373519897,97.20088958740234
152.2095205783844,1.03904116153717,-0.9355189204216003,97.20267486572266
152.4104652404785,1.04167902469635,-0.9338399767875671,97.20176696777344
152.6102769374847,1.049764394760132,-0.9351062178611755,97.20907592773438
152.8102459907532,1.048557281494141,-0.9395496845245361,97.21247100830078
153.0102434158325,1.052712678909302,-0.9381316900253296,97.21368408203125
153.2100832462311,1.050509452819824,-0.937791645526886,97.21746826171875
153.4099752902985,1.048271656036377,-0.9382997751235962,97.22218322753906
153.6097497940063,1.052698254585266,-0.9392575621604919,97.22118377685547
153.8097214698792,1.047287702560425,-0.9396716356277466,97.22431182861328
154.0097858905792,1.048873901367188,-0.9408190250396729,97.22541809082031
154.2098248004913,1.045269250869751,-0.9413482546806335,97.22734069824219
154.4097561836243,1.04741382598877,-0.9405310750007629,97.23030853271484
154.6098096370697,1.048467636108398,-0.93929523229599,97.23296356201172
154.8093514442444,1.047237396240234,-0.9383594989776611,97.23347473144531
155.0104987621307,1.049078822135925,-0.9370067119598389,97.23276519775391
155.2102909088135,1.044501781463623,-0.9368584752082825,97.23461151123047
155.4104194641113,1.04730498790741,-0.9355847239494324,97.235595703125
155.6102540493011,1.045292139053345,-0.9342841506004333,97.24089813232422
155.8105216026306,1.04543399810791,-0.9325466752052307,97.24147033691406
156.0102255344391,1.045798182487488,-0.932675838470459,97.24192810058594
156.2101235389709,1.045388221740723,-0.9332223534584045,97.24468994140625
156.4101481437683,1.043861269950867,-0.9324097633361816,97.24542236328125
156.6098954677582,1.044772148132324,-0.9332123398780823,97.24958801269531
156.8096823692322,1.044410943984985,-0.9350172877311707,97.25156402587891
157.0098011493683,1.047545909881592,-0.9344557523727417,97.25724029541016
157.2112956047058,1.045819163322449,-0.9324656128883362,97.26034545898438
157.4106922149658,1.051464438438416,-0.9317070245742798,97.26292419433594
157.6103553771973,1.051394462585449,-0.9314491748809814,97.26425170898438
157.8102750778198,1.047258973121643,-0.9323357343673706,97.26677703857422
158.0101647377014,1.052749514579773,-0.9306002855300903,97.26929473876953
158.2106037139893,1.046919226646423,-0.9297316074371338,97.27069854736328
158.4106252193451,1.052108407020569,-0.9297906160354614,97.27329254150391
158.6103281974792,1.0494304895401,-0.9314765930175781,97.27432250976562
158.8106656074524,1.048632860183716,-0.9302228093147278,97.27684783935547
159.0102205276489,1.047776937484741,-0.9320650696754456,97.27848815917969
159.2102246284485,1.04582405090332,-0.9319680333137512,97.28133392333984
159.4101026058197,1.047201752662659,-0.9336481690406799,97.28056335449219
159.609658241272,1.045844554901123,-0.9348018169403076,97.28241729736328
159.8098928928375,1.047330379486084,-0.9356844425201416,97.28538513183594
160.010977268219,1.04531729221344,-0.9358363151550293,97.28752136230469
160.2106266021729,1.044000387191772,-0.9364761114120483,97.28971099853516
160.410813331604,1.044672608375549,-0.9347163438796997,97.29062652587891
160.610687494278,1.044570684432983,-0.9367576241493225,97.29171752929688
160.8106288909912,1.045827984809875,-0.9347485899925232,97.29301452636719
161.0104460716248,1.04281747341156,-0.932874321937561,97.29448699951172
161.2105298042297,1.041512489318848,-0.9309928417205811,97.29536437988281
161.4105741977692,1.041927099227905,-0.9315570592880249,97.29610443115234
161.6102676391602,1.042126774787903,-0.9303627610206604,97.29927825927734
161.8103370666504,1.04226291179657,-0.9294902086257935,97.29994201660156
162.0102348327637,1.036898136138916,-0.9269136190414429,97.3004150390625
162.2100796699524,1.036139726638794,-0.9294350147247314,97.30387878417969
162.4101803302765,1.03148365020752,-0.9284980893135071,97.30614471435547
162.6100387573242,1.033474683761597,-0.9275711178779602,97.30674743652344
162.8108656406403,1.033412098884583,-0.9283021688461304,97.30826568603516
163.0109384059906,1.029726028442383,-0.9277291893959045,97.30934143066406
163.2108128070831,1.030507922172546,-0.927629292011261,97.31243133544922
163.410787820816,1.025864481925964,-0.9264084100723267,97.31359100341797
163.6106810569763,1.026494383811951,-0.9267857670783997,97.31595611572266
163.8106050491333,1.04017961025238,-0.9263800978660583,97.31525421142578
164.0105376243591,1.03318727016449,-0.9254231452941895,97.31826782226562
164.210343837738,1.033830523490906,-0.9256937503814697,97.31819152832031
164.4104857444763,1.035358190536499,-0.9254350066184998,97.31986999511719
164.6104428768158,1.036312937736511,-0.9249826073646545,97.32199096679688
164.810076713562,1.034751772880554,-0.9235889315605164,97.32359313964844
165.0103199481964,1.032614946365356,-0.9238060712814331,97.32477569580078
165.2101769447327,1.033416152000427,-0.9224526286125183,97.3255615234375
165.4102838039398,1.033810496330261,-0.9220407009124756,97.32894134521484
165.6108868122101,1.036294460296631,-0.9246219992637634,97.3297119140625
165.8109242916107,1.02798855304718,-0.925936222076416,97.33058166503906
166.0109376907349,1.030397415161133,-0.9273983240127563,97.33188629150391
166.2105844020844,1.02661406993866,-0.9260495901107788,97.33503723144531
166.4108746051788,1.026520371437073,-0.9249778985977173,97.33753967285156
166.6108596324921,1.030353546142578,-0.9258494973182678,97.33946228027344
166.8109755516052,1.029309630393982,-0.9241847395896912,97.34013366699219
167.0104279518127,1.032561063766479,-0.9213967323303223,97.33979034423828
167.2106955051422,1.029591917991638,-0.9238665699958801,97.33866882324219
167.4104187488556,1.031477332115173,-0.9250516295433044,97.33897399902344
167.6103336811066,1.027866005897522,-0.9255130887031555,97.34140014648438
167.8102562427521,1.037267923355103,-0.9262732863426208,97.34024047851562
168.0104379653931,1.027916550636292,-0.9268144369125366,97.3426513671875
168.2103440761566,1.03243088722229,-0.9283964037895203,97.34391021728516
168.4110791683197,1.030130982398987,-0.9280422925949097,97.34555816650391
168.6113343238831,1.028066039085388,-0.9262974262237549,97.34558868408203
168.811021566391,1.031393885612488,-0.926507294178009,97.34767913818359
169.0111191272736,1.028659462928772,-0.9263560175895691,97.34951782226562
169.2111086845398,1.03387975692749,-0.927173376083374,97.34870147705078
169.4108102321625,1.030174016952515,-0.9271162748336792,97.34957885742188
169.6109907627106,1.029918193817139,-0.929280698299408,97.34908294677734
169.8106439113617,1.031617045402527,-0.9298397898674011,97.34944152832031
170.0106985569,1.029369354248047,-0.9309524893760681,97.35189056396484
170.0306119918823,1.030384659767151,-0.931416928768158,97.35236358642578
170.2106418609619,1.032827973365784,-0.9309296607971191,97.35305023193359
170.4105002880096,1.029193758964539,-0.9314352869987488,97.35516357421875
170.6106705665588,1.031469345092773,-0.9330758452415466,97.35355377197266
170.8105609416962,1.030626773834229,-0.9342054724693298,97.35282135009766
171.0116801261902,1.031466245651245,-0.9342989921569824,97.35417938232422
171.2114911079407,1.033482432365417,-0.9338695406913757,97.35356140136719
171.411449432373,1.036080718040466,-0.9358389377593994,97.35310363769531
171.6112778186798,1.032984375953674,-0.9369778037071228,97.35486602783203
171.8111100196838,1.03158164024353,-0.9415415525436401,97.3553466796875
172.0111122131348,1.034862875938416,-0.9423087239265442,97.35629272460938
172.2110602855682,1.031771063804626,-0.9418532848358154,97.35588073730469
172.4110746383667,1.033408522605896,-0.9425840973854065,97.35514068603516
172.6110682487488,1.033830523490906,-0.9409409761428833,97.35578918457031
172.8109242916107,1.032793283462524,-0.9421365261077881,97.35466003417969
173.0108575820923,1.034521698951721,-0.9429444670677185,97.35569000244141
173.2110254764557,1.034542083740234,-0.9421921968460083,97.35693359375
173.4107272624969,1.037172317504883,-0.9427614808082581,97.35958862304688
173.6106946468353,1.034323573112488,-0.943726658821106,97.35964965820312
173.8106250762939,1.03169047832489,-0.9437577128410339,97.36009216308594
174.011332988739,1.031976819038391,-0.9438963532447815,97.35971069335938
174.2114930152893,1.032458186149597,-0.94520103931427,97.35977172851562
174.4117271900177,1.033807635307312,-0.9444625973701477,97.3604736328125
174.61106300354,1.035150408744812,-0.9433891773223877,97.36128234863281
174.8111050128937,1.035949468612671,-0.9426663517951965,97.36078643798828
175.010947227478,1.035682678222656,-0.9428567886352539,97.36270141601562
175.2108020782471,1.035873413085938,-0.9439054131507874,97.36370849609375
175.4107711315155,1.0345778465271,-0.943601667881012,97.36637115478516
175.6106824874878,1.035393595695496,-0.9450379610061646,97.36527252197266
175.8105614185333,1.036634683609009,-0.9444948434829712,97.36651611328125
176.0106084346771,1.036476969718933,-0.9440706968307495,97.36763000488281
176.2103838920593,1.032313585281372,-0.9436663389205933,97.36621856689453
176.4114692211151,1.034652352333069,-0.9443065524101257,97.36782073974609
176.6113402843475,1.037727832794189,-0.9497585892677307,97.36819458007812
176.8112742900848,1.032574653625488,-0.9516951441764832,97.3677978515625
177.0112438201904,1.020888328552246,-0.9548735022544861,97.36824798583984
177.2114677429199,1.032899379730225,-0.954558789730072,97.36846160888672
177.4111874103546,1.028468489646912,-0.9518771767616272,97.37232971191406
177.6114614009857,1.033280491828918,-0.9484689235687256,97.36593627929688
177.8112287521362,1.027936935424805,-0.9430562257766724,97.36909484863281
178.0109419822693,1.044581532478333,-0.9441726207733154,97.36737060546875
178.2109289169312,1.030654430389404,-0.9441103339195251,97.36975860595703
178.411150932312,1.034677863121033,-0.9439178109169006,97.36634826660156
178.610940694809,1.034304857254028,-0.9438537359237671,97.37143707275391
178.8111088275909,1.034100770950317,-0.942273736000061,97.36913299560547
179.0109670162201,1.035763502120972,-0.9422849416732788,97.37110137939453
179.211658000946,1.036705613136292,-0.940459668636322,97.37104797363281
179.4117801189423,1.03653883934021,-0.9409974813461304,97.36960601806641
179.6117687225342,1.035540223121643,-0.9389492273330688,97.37017059326172
179.811624288559,1.036641478538513,-0.9370192885398865,97.36965179443359
180.0115895271301,1.041585803031921,-0.9363290071487427,97.37157440185547
180.2115499973297,1.041661858558655,-0.9365265369415283,97.36940002441406
180.4115383625031,1.034821033477783,-0.9377908110618591,97.36688232421875
180.6114137172699,1.040037989616394,-0.9374305009841919,97.36742401123047
180.8115770816803,1.038491368293762,-0.938700258731842,97.36957550048828
181.0114204883575,1.042186975479126,-0.9361732006072998,97.37042999267578
181.2109358310699,1.037341475486755,-0.9334942698478699,97.36843109130859
181.4107859134674,1.039544463157654,-0.9286559224128723,97.37045288085938
181.6111249923706,1.039484262466431,-0.9196035861968994,97.37197875976562
181.812032699585,1.033705353736877,-0.90595942735672,97.37987518310547
182.0119571685791,1.035190939903259,-0.8908032178878784,97.38584136962891
182.212070941925,1.011261701583862,-0.8635765910148621,97.40470123291016
182.4118790626526,1.013762593269348,-0.8502834439277649,97.42082977294922
182.6116147041321,1.018659114837646,-0.8362643122673035,97.46005249023438
182.8117339611053,1.027628779411316,-0.8200141787528992,97.49531555175781
183.0115132331848,1.054165482521057,-0.8284758925437927,97.51425170898438
183.2115497589111,1.035941243171692,-0.8406727910041809,97.52809143066406
183.411504983902,0.9547028541564941,-0.829347550868988,97.55439758300781
183.6112942695618,0.9299951791763306,-0.841238260269165,97.55544281005859
183.8113510608673,0.9437570571899414,-0.8412148952484131,97.58112335205078
184.0114147663116,0.9650576710700989,-0.8399012684822083,97.61106109619141
184.2122628688812,1.081018686294556,-0.8031622767448425,97.61097717285156
184.4118874073029,1.08424711227417,-0.7839922308921814,97.62374877929688
184.6122047901154,1.008217930793762,-0.7897310256958008,97.63926696777344
184.81187915802,1.000150322914124,-0.7756636738777161,97.68328094482422
185.0117545127869,1.033309578895569,-0.7710345387458801,97.69274139404297
185.2119674682617,1.030369400978088,-0.7745519280433655,97.71994018554688
185.411984205246,1.008430480957031,-0.6939931511878967,97.76686859130859
185.6117625236511,1.008830428123474,-0.7058498859405518,97.79502868652344
185.8118369579315,1.132942914962769,-0.6903639435768127,97.82776641845703
186.0116965770721,1.040801525115967,-0.6551789045333862,97.84119415283203
186.2116808891296,0.9785650968551636,-0.6524314880371094,97.89470672607422
186.4116153717041,1.043832063674927,-0.7037484049797058,97.88827514648438
186.6114916801453,1.140333652496338,-0.6882955431938171,97.73147583007812
186.8124027252197,1.11194384098053,-0.6267845034599304,97.40103149414062
187.0121631622314,1.024778962135315,-0.577326238155365,96.91747283935547
187.2124016284943,1.080433011054993,-0.5250528454780579,96.29017639160156
187.4124507904053,1.144565105438232,-0.4765415787696838,95.34255218505859
187.6125929355621,1.212846040725708,-0.425790399312973,93.98450469970703
187.812420129776,1.346085906028748,-0.3758825063705444,92.20618438720703
188.0119700431824,1.317527890205383,-0.327770322561264,90.14535522460938
188.2121367454529,1.159601211547852,-0.3183051943778992,87.84607696533203
188.4118731021881,1.316797494888306,-0.3676300346851349,85.15835571289062
188.6119737625122,1.435628294944763,-0.3922132551670074,82.18412780761719
188.8118233680725,1.353723049163818,-0.3356830179691315,78.97337341308594
189.0115785598755,1.257942318916321,-0.4393092393875122,75.58497619628906
189.2117011547089,0.9444049596786499,-0.5933062434196472,72.08733367919922
189.4116270542145,0.4756983816623688,-0.6790997385978699,68.48259735107422
189.6121823787689,0.6024488806724548,-0.8591535091400146,64.72217559814453
189.8120801448822,1.04823637008667,-0.9184028506278992,60.8992805480957
190.0123267173767,0.9518420100212097,-0.8914238214492798,56.99175643920898
190.2123885154724,0.056223314255476,-0.8405455350875854,53.02264404296875
190.4121420383453,-0.1347005218267441,-0.7636879086494446,48.95906448364258
190.6120762825012,-0.03038233332335949,-0.5809866786003113,44.72689819335938
190.8121552467346,-0.485817551612854,-0.5342251062393188,40.56341552734375
191.0121307373047,-0.8293907046318054,-0.5073245763778687,36.42273330688477
191.2121124267578,-1.292968273162842,-0.6702961325645447,32.70193862915039
191.4120106697083,-1.572420597076416,-0.603449821472168,29.2695369720459
191.611652135849,-1.663880467414856,-1.007854580879211,26.08669853210449
191.8116087913513,-1.871477007865906,-1.735734820365906,23.13484191894531
192.0128202438354,-1.428435325622559,-2.782083511352539,20.39769554138184
192.2130398750305,-1.251889705657959,-2.591762542724609,17.79223442077637
192.4126977920532,-1.800053596496582,-2.676344871520996,15.54080677032471
192.6125655174255,-2.352798461914062,-2.505196094512939,13.68547916412354
192.8126029968262,-1.681999802589417,-1.687207937240601,12.15596008300781
193.0127205848694,-0.5486980676651001,-1.693578839302063,11.08582973480225
193.2125124931335,-0.679878830909729,-1.775429248809814,10.26193714141846
193.4124441146851,-1.241365551948547,-1.67583966255188,9.39981746673584
193.612411737442,-1.559778571128845,-1.918090343475342,8.573748588562012
193.8121104240417,-1.618484258651733,-1.870692491531372,7.723407745361328
194.0121607780457,-1.771918654441833,-1.765370011329651,6.881453514099121
194.2121193408966,-1.860701203346252,-1.536127090454102,6.110945224761963
194.4118692874908,-2.049641609191895,-1.336232423782349,5.499890327453613
194.6117198467255,-2.402651786804199,-1.016164541244507,5.246337413787842
194.8119165897369,-2.756892681121826,-0.963478684425354,5.22709846496582
195.0129745006561,-2.667239665985107,-1.035070061683655,5.238733768463135
195.2127900123596,-2.286674976348877,-1.087579488754272,5.186121940612793
195.4124672412872,-2.091874122619629,-1.087645292282104,5.140590190887451
195.6124277114868,-2.313332319259644,-1.238133668899536,5.081770896911621
195.8124253749847,-2.318244457244873,-1.090988397598267,5.040925025939941
196.0121636390686,-2.167763233184814,-0.9778605103492737,4.971972465515137
196.2123482227325,-2.106770753860474,-1.062220454216003,4.922237873077393
196.412388086319,-2.241825819015503,-1.163426280021667,4.872549057006836
196.6123116016388,-2.346698522567749,-1.197420954704285,4.919562816619873
196.8122975826263,-2.392539262771606,-1.27091121673584,5.021166324615479
197.0120327472687,-2.389586687088013,-1.261842370033264,5.143576622009277
197.2122144699097,-2.525733709335327,-1.072774052619934,5.253464221954346
197.4120998382568,-2.759441375732422,-1.129684567451477,5.390491485595703
197.6120502948761,-2.845373868942261,-1.185829281806946,5.581849098205566
197.8125298023224,-2.727783918380737,-1.316714763641357,5.74092435836792
197.832535982132,-2.727007627487183,-1.333523750305176,5.754440784454346
198.0126321315765,-2.657872200012207,-1.383417963981628,5.933717250823975
198.2126126289368,-2.832348108291626,-1.409031510353088,6.072008609771729
198.4130520820618,-2.918505430221558,-1.364990711212158,6.21484375
198.612536907196,-2.95090651512146,-1.227503776550293,6.248479843139648
198.812415599823,-2.791155099868774,-1.169026732444763,6.261347770690918
199.012335062027,-2.888724327087402,-1.184593677520752,6.23411226272583
199.212188243866,-2.971458673477173,-1.344718098640442,6.255028247833252
199.6123929023743,-3.097761392593384,-1.404942870140076,6.454180240631104
199.8119752407074,-3.066207408905029,-1.262054681777954,6.554460525512695
200.0123908519745,-3.023196458816528,-1.040976643562317,6.663314819335938
200.2121493816376,-3.140045166015625,-1.002022743225098,6.773443222045898
200.4132037162781,-3.230275630950928,-1.045343160629272,6.870709896087646
200.6130757331848,-3.122084856033325,-1.16076672077179,7.009311199188232
200.8130519390106,-3.172196388244629,-1.210386395454407,7.095180511474609
201.0130612850189,-3.214659214019775,-1.144157886505127,7.225350856781006
201.2125895023346,-3.32868480682373,-1.145920753479004,7.267945766448975
201.4126460552216,-3.26763391494751,-1.166903972625732,7.311385631561279
201.6126873493195,-3.318914175033569,-1.324396729469299,7.261305332183838
201.812441110611,-3.284436225891113,-1.320912480354309,7.262792587280273
202.0124568939209,-3.377899169921875,-1.345331072807312,7.226400375366211
202.2124838829041,-3.491279602050781,-1.328698039054871,7.223817825317383
202.4124507904053,-3.645377159118652,-1.158660411834717,7.190284729003906
202.6125729084015,-3.672457933425903,-1.082938551902771,7.235690116882324
202.813512802124,-3.671568870544434,-1.035728216171265,7.300914287567139
203.0133848190308,-3.721850872039795,-1.046483039855957,7.363621234893799
203.2133233547211,-3.731821298599243,-1.085170388221741,7.447999000549316
203.4133379459381,-3.797588348388672,-1.095978379249573,7.502416610717773
203.6127898693085,-3.851255655288696,-1.125138163566589,7.549674987792969
203.8128352165222,-3.867683172225952,-1.112513661384583,7.552077293395996
204.0129172801971,-3.758141040802002,-1.005745887756348,7.578237056732178
204.2130255699158,-3.889671802520752,-0.9991889595985413,7.575447082519531
204.4129786491394,-3.896453619003296,-1.012591958045959,7.622703075408936
204.6130201816559,-4.011369705200195,-1.023592352867126,7.616445064544678
204.8129458427429,-3.966371774673462,-0.9798932671546936,7.632974147796631
205.0129134654999,-3.932455062866211,-0.999920129776001,7.58416223526001
205.2130401134491,-3.938123464584351,-0.9126007556915283,7.572483539581299
205.4129552841187,-4.081319332122803,-1.040852904319763,7.531676292419434
205.6127042770386,-3.965052127838135,-1.158769488334656,7.5355544090271
205.8123083114624,-3.963628530502319,-1.194568753242493,7.570675849914551
206.013649225235,-4.134912490844727,-1.207597017288208,7.660087585449219
206.2140753269196,-4.188131809234619,-1.10002589225769,7.75375509262085
206.4135007858276,-4.215915679931641,-1.02881646156311,7.788348197937012
206.6134397983551,-4.276981353759766,-1.117392420768738,7.8584303855896
206.8132121562958,-4.411312103271484,-1.179381132125854,7.906906604766846
207.0128746032715,-4.514415264129639,-1.137797594070435,7.985968589782715
207.2131674289703,-4.637091159820557,-1.179871678352356,8.067829132080078
207.4132115840912,-4.741294384002686,-1.07151460647583,8.193817138671875
207.6132056713104,-4.995559692382812,-0.9768685698509216,8.374017715454102
207.8128736019135,-5.095329284667969,-0.9378246068954468,8.616091728210449
208.0131204128265,-5.08661937713623,-1.029633760452271,8.810768127441406
208.2129273414612,-4.965261459350586,-1.018277049064636,9.017757415771484
208.4128286838531,-4.960207462310791,-1.080737233161926,9.163246154785156
208.6131615638733,-4.978631496429443,-1.199654817581177,9.287087440490723
208.8137934207916,-5.018082141876221,-1.182113170623779,9.369650840759277
209.0137195587158,-5.000842571258545,-1.104464530944824,9.360129356384277
209.21364402771,-4.894410133361816,-1.069904804229736,9.315421104431152
209.4132342338562,-4.872043609619141,-1.034595608711243,9.246177673339844
209.4331612586975,-4.867754459381104,-1.033473610877991,9.234814643859863
209.6135339736938,-4.688071250915527,-0.8917635679244995,9.132645606994629
209.8138999938965,-4.31614875793457,-0.7540874481201172,9.070183753967285
210.0134456157684,-4.503905296325684,-0.6363616585731506,9.046032905578613
210.2134065628052,-4.807430744171143,-0.5320676565170288,9.081969261169434
210.4132463932037,-4.751847743988037,-0.4184076488018036,9.12852668762207
210.6136817932129,-4.681257247924805,-0.3770288527011871,9.193820953369141
210.8131020069122,-4.716837882995605,-0.3123103678226471,9.249035835266113
211.2126848697662,-4.449870109558105,-0.3143521845340729,9.336156845092773
211.4126298427582,-4.401579856872559,-0.3175508081912994,9.379070281982422
211.6139616966248,-4.404537677764893,-0.306280642747879,9.405779838562012
211.8134896755219,-4.400465488433838,-0.2894202470779419,9.410360336303711
212.0136573314667,-4.382110595703125,-0.2752743065357208,9.420182228088379
212.2136793136597,-4.36363410949707,-0.2614461481571198,9.415722846984863
212.4135625362396,-4.321094989776611,-0.2452625781297684,9.414327621459961
212.6133399009705,-4.321229457855225,-0.2399169951677322,9.409693717956543
212.8132061958313,-4.326626777648926,-0.2427652627229691,9.405519485473633
213.0131423473358,-4.322732448577881,-0.2416062951087952,9.404953956604004
213.213347196579,-4.327688694000244,-0.2418626695871353,9.40355396270752
213.4129121303558,-4.328400611877441,-0.239932045340538,9.401266098022461
213.6129596233368,-4.329067707061768,-0.2433638423681259,9.398037910461426
213.8128707408905,-4.331682205200195,-0.2433980405330658,9.396636962890625
214.0133016109467,-4.329102039337158,-0.2446193993091583,9.394600868225098
214.2128205299377,-4.33022928237915,-0.2445244938135147,9.392328262329102
214.4140899181366,-4.331087112426758,-0.2447650134563446,9.390779495239258
214.6135394573212,-4.332524299621582,-0.2485374212265015,9.387304306030273
214.8135395050049,-4.33067798614502,-0.250323623418808,9.387091636657715
215.0133745670319,-4.338775634765625,-0.2513695359230042,9.380866050720215
215.2137386798859,-4.343106269836426,-0.2495260387659073,9.380825996398926
215.6133027076721,-4.346159934997559,-0.2531685531139374,9.37784481048584
215.8134748935699,-4.339999675750732,-0.2517154216766357,9.377297401428223
216.0136666297913,-4.334746837615967,-0.2521892786026001,9.375077247619629
216.2131979465485,-4.334754943847656,-0.2556984126567841,9.373339653015137
216.4132745265961,-4.346909046173096,-0.2594318985939026,9.373562812805176
216.613094329834,-4.349082946777344,-0.2600418031215668,9.369211196899414
216.8128273487091,-4.350089550018311,-0.2603557705879211,9.366059303283691
217.0139853954315,-4.34535026550293,-0.2637622952461243,9.36383056640625
217.2143046855927,-4.347617626190186,-0.2643453776836395,9.364319801330566
217.4144716262817,-4.34791374206543,-0.2633067667484283,9.36298656463623
217.6137981414795,-4.346371650695801,-0.2642799913883209,9.360163688659668
217.8140842914581,-4.351212024688721,-0.2656416893005371,9.359703063964844
218.0139939785004,-4.360439300537109,-0.2676176428794861,9.357781410217285
218.2139775753021,-4.35188102722168,-0.2692044377326965,9.356558799743652
218.4134945869446,-4.359265804290771,-0.2720365822315216,9.354132652282715
218.6138625144958,-4.355495929718018,-0.2729617059230804,9.353002548217773
218.8138372898102,-4.35389518737793,-0.2755132913589478,9.350858688354492
219.0137424468994,-4.360282421112061,-0.2764145135879517,9.346554756164551
219.213760137558,-4.35468864440918,-0.2780421376228333,9.344493865966797
219.4135768413544,-4.361110687255859,-0.2798103392124176,9.345362663269043
219.6130986213684,-4.356898784637451,-0.2806769907474518,9.343172073364258
219.81320977211,-4.361735343933105,-0.2817393839359283,9.338743209838867
220.0142982006073,-4.359288215637207,-0.2806988060474396,9.336488723754883
220.2142956256866,-4.365018367767334,-0.2824015915393829,9.339428901672363
220.4138514995575,-4.363584518432617,-0.2811808884143829,9.339693069458008
220.6138134002686,-4.36512279510498,-0.2824617624282837,9.337748527526855
220.8137900829315,-4.368278026580811,-0.2815292179584503,9.338801383972168
221.0137462615967,-4.364555835723877,-0.2809670865535736,9.334087371826172
221.2136943340302,-4.367062568664551,-0.2796279788017273,9.331433296203613
221.4136991500854,-4.37225866317749,-0.2786129713058472,9.329567909240723
221.6136519908905,-4.370697021484375,-0.2781506180763245,9.328305244445801
221.8138711452484,-4.374273777008057,-0.2771157026290894,9.330508232116699
222.0135831832886,-4.371440887451172,-0.2786351442337036,9.330389022827148
222.2138333320618,-4.369126796722412,-0.2785460352897644,9.328242301940918
222.4137558937073,-4.37199068069458,-0.2769766449928284,9.329480171203613
222.6138875484467,-4.371127605438232,-0.2782175242900848,9.328827857971191
222.813414812088,-4.375468254089355,-0.2785792946815491,9.327178955078125
223.0144667625427,-4.375969409942627,-0.2782089710235596,9.324264526367188
223.2143003940582,-4.373514652252197,-0.2773266136646271,9.323987007141113
223.4141738414764,-4.373712062835693,-0.2753256559371948,9.322402954101562
223.6141302585602,-4.373302459716797,-0.2748141288757324,9.319405555725098
223.8141057491302,-4.371056079864502,-0.2760509252548218,9.318994522094727
224.0139062404633,-4.367694854736328,-0.2774176299571991,9.319290161132812
224.2136211395264,-4.366788387298584,-0.2757545411586761,9.317455291748047
224.4140796661377,-4.37187385559082,-0.2754147946834564,9.318116188049316
224.6135516166687,-4.369467258453369,-0.2760795056819916,9.316766738891602
224.8135340213776,-4.373161792755127,-0.2761479616165161,9.317048072814941
225.0136690139771,-4.36982250213623,-0.2757543921470642,9.313800811767578
225.2135548591614,-4.369560718536377,-0.2755220234394073,9.313265800476074
225.414538860321,-4.36954402923584,-0.2750994563102722,9.311217308044434
225.6143255233765,-4.368272304534912,-0.2747271656990051,9.311108589172363
225.8142068386078,-4.366569995880127,-0.2750520706176758,9.311735153198242
226.0140223503113,-4.366395950317383,-0.2750762104988098,9.308862686157227
226.214079618454,-4.365866661071777,-0.2756391763687134,9.307986259460449
226.4140622615814,-4.363944530487061,-0.2740269899368286,9.308346748352051
226.6140050888062,-4.365101337432861,-0.2730165421962738,9.308347702026367
226.8138589859009,-4.365785598754883,-0.2734084129333496,9.305989265441895
227.0138306617737,-4.366582870483398,-0.2735787332057953,9.304962158203125
227.2139246463776,-4.365031719207764,-0.2743673026561737,9.304277420043945
227.4139053821564,-4.361987590789795,-0.2744009792804718,9.305368423461914
227.6137223243713,-4.366744041442871,-0.2753446400165558,9.305309295654297
227.8135740756989,-4.367269515991211,-0.2779979407787323,9.307478904724121
228.0147914886475,-4.368269920349121,-0.2769340574741364,9.309115409851074
228.2145404815674,-4.370258331298828,-0.2755322456359863,9.309746742248535
228.4146609306335,-4.368597030639648,-0.2768658101558685,9.311629295349121
228.6144692897797,-4.364528179168701,-0.2754680812358856,9.308771133422852
228.8148112297058,-4.371420383453369,-0.2730520963668823,9.311073303222656
229.0141832828522,-4.369814872741699,-0.2718362808227539,9.311121940612793
229.2142083644867,-4.370985507965088,-0.2724694907665253,9.311325073242188
229.4143068790436,-4.374833583831787,-0.2720142304897308,9.314281463623047
229.6139998435974,-4.368569374084473,-0.2726677358150482,9.314412117004395
229.8139395713806,-4.372475147247314,-0.2749657928943634,9.31609058380127
230.0138504505157,-4.372887134552002,-0.2749190032482147,9.31636905670166
230.2141053676605,-4.37525749206543,-0.2759250402450562,9.315342903137207
230.414274930954,-4.375345706939697,-0.2790586948394775,9.31605339050293
230.6136736869812,-4.374423980712891,-0.2732414603233337,9.31362247467041
230.8146595954895,-4.38321590423584,-0.2759035527706146,9.315464973449707
231.0149147510529,-4.375468254089355,-0.2783591151237488,9.313484191894531
231.2144570350647,-4.3857421875,-0.2769286930561066,9.312680244445801
231.4144105911255,-4.376714706420898,-0.2772153615951538,9.311017990112305
231.6144587993622,-4.384008407592773,-0.2775262296199799,9.312020301818848
231.8143744468689,-4.381992340087891,-0.2780362963676453,9.312052726745605
232.0142707824707,-4.380385875701904,-0.2780782282352448,9.309308052062988
232.2144637107849,-4.384490013122559,-0.2769823968410492,9.309091567993164
232.4145951271057,-4.381792068481445,-0.2763000130653381,9.307116508483887
232.6141667366028,-4.386721134185791,-0.2787111699581146,9.303727149963379
232.8140575885773,-4.381793975830078,-0.2778881788253784,9.303717613220215
233.0142471790314,-4.384280204772949,-0.2797185778617859,9.305883407592773
233.2140712738037,-4.388588905334473,-0.2815431952476501,9.304049491882324
233.4144110679626,-4.382960796356201,-0.2828823626041412,9.306195259094238
233.6138401031494,-4.384560585021973,-0.2822179198265076,9.305827140808105
233.8149454593658,-4.388826847076416,-0.2837147414684296,9.30477237701416
234.0147948265076,-4.383697986602783,-0.2828086614608765,9.305842399597168
234.2147216796875,-4.379902839660645,-0.2814209759235382,9.306753158569336
234.4149370193481,-4.37722635269165,-0.2819920480251312,9.305572509765625
234.6146047115326,-4.371448516845703,-0.2833620607852936,9.304782867431641
234.8148381710052,-4.374795913696289,-0.2806359827518463,9.304168701171875
235.0148520469666,-4.381024837493896,-0.2845287322998047,9.306614875793457
235.2143511772156,-4.37175464630127,-0.28678297996521,9.306496620178223
235.4142451286316,-4.370554447174072,-0.2861763834953308,9.31096363067627
235.6142430305481,-4.372206211090088,-0.2859961092472076,9.311132431030273
235.8142430782318,-4.372208118438721,-0.2846744656562805,9.312517166137695
236.01407122612,-4.378848075866699,-0.2849033176898956,9.312562942504883
236.2140545845032,-4.372888565063477,-0.2852629423141479,9.313770294189453
236.4151401519775,-4.372697353363037,-0.2864508926868439,9.311324119567871
236.6152873039246,-4.372937202453613,-0.288849264383316,9.312193870544434
236.8152370452881,-4.367935657501221,-0.2877241373062134,9.316099166870117
237.0151965618134,-4.355889797210693,-0.2852518558502197,9.31142520904541
237.2152137756348,-4.371396541595459,-0.2847360074520111,9.313486099243164
237.4150829315186,-4.342396259307861,-0.2842763960361481,9.317082405090332
237.6149003505707,-4.339492321014404,-0.2838689088821411,9.311552047729492
237.8148858547211,-4.372148036956787,-0.2834190726280212,9.3206787109375
238.0151393413544,-4.345592498779297,-0.2850577831268311,9.322858810424805
238.2145962715149,-4.364826202392578,-0.2854799032211304,9.321556091308594
238.4146530628204,-4.36015796661377,-0.2864638268947601,9.324935913085938
238.6143007278442,-4.358866214752197,-0.2758409976959229,9.324514389038086
238.8153064250946,-4.311824321746826,-0.26612389087677,9.317710876464844
239.0155997276306,-4.292226791381836,-0.2621288299560547,9.319567680358887
239.2154459953308,-4.287106513977051,-0.26215660572052,9.314796447753906
239.4153661727905,-4.301446437835693,-0.2815636098384857,9.320996284484863
239.6148359775543,-4.294726371765137,-0.2897774577140808,9.315150260925293
239.8151526451111,-4.276290893554688,-0.2977209091186523,9.313220024108887
240.0152981281281,-4.27208137512207,-0.3067019581794739,9.30460262298584
240.2150330543518,-4.259160995483398,-0.3165788948535919,9.293356895446777
240.4146828651428,-4.234990119934082,-0.3246048986911774,9.27495002746582
240.614985704422,-4.25584602355957,-0.3319807350635529,9.258106231689453
240.8150641918182,-4.313870429992676,-0.3545001745223999,9.258783340454102
241.0147428512573,-4.380914688110352,-0.3621694147586823,9.27437686920166
241.214923620224,-4.47466516494751,-0.3575535118579865,9.27796459197998
241.4155840873718,-4.503418445587158,-0.4210136234760284,9.281064033508301
241.6156311035156,-4.534137725830078,-0.4310301244258881,9.26255989074707
241.815194606781,-4.562424182891846,-0.4769444465637207,9.250970840454102
242.0155127048492,-4.572148323059082,-0.5313981771469116,9.249974250793457
242.2150695323944,-4.628215312957764,-0.5816724300384521,9.232770919799805
242.2351820468903,-4.624510288238525,-0.58787602186203,9.231987953186035
242.4151136875153,-4.606541633605957,-0.6403855085372925,9.215642929077148
242.6153180599213,-4.529548645019531,-0.7158302068710327,9.192703247070312
242.8153901100159,-4.427300930023193,-0.7821540236473083,9.217761993408203
243.0151054859161,-4.402140140533447,-0.8364413380622864,9.376070976257324
243.215117931366,-4.462729930877686,-0.9520354866981506,9.649143218994141
243.4150283336639,-4.678696155548096,-0.9565815925598145,9.943954467773438
243.6149785518646,-4.892685413360596,-1.040287733078003,10.34329891204834
243.8148880004883,-4.884133338928223,-1.021129965782166,10.76595592498779
244.0159223079681,-4.774267673492432,-0.9869722127914429,11.28678226470947
244.2149746417999,-4.853542804718018,-1.003148555755615,11.84820365905762
244.4156973361969,-4.848303318023682,-0.9669362902641296,12.44268894195557
244.6156430244446,-4.749684810638428,-0.9171633124351501,13.02219295501709
244.815721988678,-4.780470371246338,-0.9191819429397583,13.62300491333008
245.0152862071991,-4.86509895324707,-0.7747291326522827,14.21881484985352
245.2152638435364,-4.79431676864624,-0.7156584858894348,14.81771183013916
245.4154152870178,-4.690743923187256,-0.6227836012840271,15.25566577911377
245.6154534816742,-4.648097515106201,-0.5492369532585144,15.62257289886475
245.8153729438782,-4.684499263763428,-0.5106855034828186,15.82946586608887
246.0151679515839,-4.788534164428711,-0.487160325050354,15.88292121887207
246.2153255939484,-4.784419536590576,-0.4990229308605194,15.78609943389893
246.4152181148529,-4.791341304779053,-0.4584941864013672,15.51373767852783
246.6150739192963,-4.81747579574585,-0.4864825904369354,15.19351291656494
246.8148674964905,-4.801082134246826,-0.5348101258277893,14.76900768280029
247.0149717330933,-4.774075508117676,-0.6094197034835815,14.27412986755371
247.2159311771393,-4.689234256744385,-0.7554435729980469,13.68309783935547
247.4157738685608,-4.687510013580322,-0.7903919219970703,12.99663925170898
247.6156985759735,-4.649385929107666,-0.8885444402694702,12.14566612243652
247.8156304359436,-4.684024810791016,-0.9663429856300354,11.23558044433594
248.0156588554382,-4.782335758209229,-1.140244126319885,10.29942512512207
248.2155420780182,-4.754653930664062,-1.170246124267578,9.409026145935059
248.4153654575348,-4.638833045959473,-1.208841562271118,8.577522277832031
248.6153936386108,-4.601268291473389,-1.282487750053406,7.835068225860596
248.8151912689209,-4.685952186584473,-1.307114601135254,7.261724472045898
249.0152282714844,-4.6461181640625,-1.320870518684387,6.85618257522583
249.2152428627014,-4.561676502227783,-1.320997834205627,6.587544441223145
249.4151663780212,-4.54899263381958,-1.318170785903931,6.439136028289795
249.6162030696869,-4.506729602813721,-1.327751994132996,6.346077442169189
249.8160092830658,-4.448636531829834,-1.329564809799194,6.292642116546631
250.0159778594971,-4.453899383544922,-1.333999991416931,6.266726970672607
250.2159435749054,-4.445316314697266,-1.348126173019409,6.26737117767334
250.4157752990723,-4.414687633514404,-1.361832857131958,6.272256851196289
250.6157417297363,-4.419096946716309,-1.367215275764465,6.272641658782959
250.8157188892365,-4.417634010314941,-1.362998962402344,6.270968437194824
251.0156061649323,-4.415341377258301,-1.362288355827332,6.273978233337402
251.2155470848083,-4.416863441467285,-1.364392995834351,6.274106979370117
251.4153957366943,-4.410786151885986,-1.364414215087891,6.270342826843262
251.6154680252075,-4.417077541351318,-1.370633840560913,6.272752285003662
251.8150999546051,-4.417929172515869,-1.371481537818909,6.276406288146973
252.0150451660156,-4.407381534576416,-1.371888279914856,6.274466991424561
252.2149887084961,-4.415422439575195,-1.373375177383423,6.275511741638184
252.4158427715302,-4.409850120544434,-1.373446106910706,6.275465488433838
252.6159212589264,-4.408313274383545,-1.373308539390564,6.277769088745117
252.8158130645752,-4.40798807144165,-1.373146772384644,6.27674388885498
253.0156588554382,-4.406927585601807,-1.374728202819824,6.278692722320557
253.4155516624451,-4.404330253601074,-1.372886180877686,6.279407978057861
253.615571975708,-4.404446601867676,-1.373094081878662,6.281284809112549
253.8158447742462,-4.403701305389404,-1.372925281524658,6.282057762145996
254.0155339241028,-4.399658203125,-1.373793363571167,6.28366231918335
254.2153387069702,-4.400939464569092,-1.374259948730469,6.284247398376465
254.4153962135315,-4.397313117980957,-1.376736640930176,6.285719394683838
254.6152522563934,-4.399456977844238,-1.376599073410034,6.285829067230225
254.8152618408203,-4.404045104980469,-1.375558018684387,6.286721229553223
255.0164878368378,-4.39293098449707,-1.376122117042542,6.286318302154541
255.2160687446594,-4.402873516082764,-1.374884724617004,6.285383701324463
255.4158928394318,-4.395552158355713,-1.374137878417969,6.286895275115967
255.6162705421448,-4.415757179260254,-1.374879956245422,6.289999008178711
255.8162317276001,-4.40146017074585,-1.376400113105774,6.290783882141113
256.0161514282227,-4.403369426727295,-1.375105738639832,6.290886402130127
256.2162771224976,-4.409826755523682,-1.376218199729919,6.295813083648682
256.4159758090973,-4.396921634674072,-1.378834247589111,6.293247222900391
256.6160697937012,-4.409798145294189,-1.37451958656311,6.295550346374512
256.8156821727753,-4.396361351013184,-1.376178622245789,6.294942378997803
257.0158867835999,-4.4006667137146,-1.375938653945923,6.296895980834961
257.2159643173218,-4.399152755737305,-1.377112150192261,6.297746181488037
257.4160327911377,-4.402389049530029,-1.377347826957703,6.302058696746826
257.6159563064575,-4.397603988647461,-1.378542184829712,6.30162239074707
257.8158073425293,-4.400011539459229,-1.376951932907104,6.30322790145874
258.0157172679901,-4.398847579956055,-1.37707793712616,6.300755500793457
258.2165734767914,-4.396175861358643,-1.37808096408844,6.302553176879883
258.416633605957,-4.402139186859131,-1.377326011657715,6.304037094116211
258.6168782711029,-4.395973205566406,-1.377400040626526,6.308047771453857
258.8167088031769,-4.375671863555908,-1.375198841094971,6.307618618011475
259.0164687633514,-4.383296966552734,-1.374560713768005,6.307808399200439
259.216347694397,-4.383406639099121,-1.374109506607056,6.30911111831665
259.4162797927856,-4.384254455566406,-1.376203060150146,6.310710906982422
259.6159899234772,-4.386914730072021,-1.377071976661682,6.312085628509521
259.8162434101105,-4.392997741699219,-1.376696109771729,6.313979148864746
